event_id,channel,weight,source,l1_pt,l1_eta,l1_phi,l1_mass,l1_charge,l1_flavor,l2_pt,l2_eta,l2_phi,l2_mass,l2_charge,l2_flavor
100000,mumu,0.55,synthetic,4.527440774465321,3.904419245640391,0.10887889376955193,0.10566,-1,mu,4.223878991971072,-2.2490752717647338,-1.8009403191687137,0.10566,1,mu
100001,ee,0.55,synthetic,25.474944891172022,1.5442498992373306,-2.544631625428444,0.000511,-1,e,22.98419059792847,-0.9108249502404301,0.1715336830364431,0.000511,1,e
100002,ee,0.55,synthetic,25.165199581702637,1.3242945262594603,-3.1403531066059545,0.000511,-1,e,20.329075603015244,-1.293660394584086,0.34876439224172295,0.000511,1,e
100003,mumu,0.55,synthetic,28.937057121729136,-1.9277432466044742,1.833892727000729,0.10566,-1,mu,20.93866592364076,0.46159291424839854,-1.6560003793098441,0.10566,1,mu
100004,mumu,0.55,synthetic,33.97417208796386,-1.3187850658398115,-0.06943853902849219,0.10566,-1,mu,31.74438004002081,0.44002239809444466,2.7930529331866825,0.10566,1,mu
100005,mumu,0.55,synthetic,42.69742164759479,-0.5885842757168633,-2.254962939007606,0.10566,-1,mu,35.20238408994373,0.532232010487147,1.1282221183260548,0.10566,1,mu
100006,mumu,0.55,synthetic,41.195237305149014,0.6499031114387978,-1.6307829885606773,0.10566,-1,mu,46.161337260013774,-0.033152605306380104,1.338279066630224,0.10566,1,mu
100007,ee,0.55,synthetic,33.518828652172985,-0.5191144868867564,-1.7798861799568475,0.000511,-1,e,31.52288594072052,1.2617341781576845,1.4740996224575453,0.000511,1,e
100008,ee,0.55,synthetic,18.469703037790442,-1.8387146541662769,0.8011042954007367,0.000511,-1,e,21.18154061903668,1.199043173538719,-2.447364223724366,0.000511,1,e
100009,ee,0.55,synthetic,36.217261551337714,-0.5899889265335179,2.0557602760124047,0.000511,-1,e,38.835495902570905,0.5223899506734762,-1.0750890895623841,0.000511,1,e
100010,ee,0.55,synthetic,21.60218077827818,-1.2606885197227307,2.375120768832766,0.000511,-1,e,21.589355294439233,1.6127040341177392,-0.44492259949571256,0.000511,1,e
100011,ee,0.55,synthetic,31.935959633247265,0.9195429456865657,2.7335888463291558,0.000511,-1,e,27.384061054100975,-0.9743566920093163,-0.41325293206842334,0.000511,1,e
100012,mumu,0.55,synthetic,33.87862790228354,-0.9505988084533863,-1.8841021592520861,0.10566,-1,mu,26.062450389320922,1.135793352076608,1.5744200747132766,0.10566,1,mu
100013,mumu,0.55,synthetic,11.32720575275876,-2.4574470482334148,2.3734606634713993,0.10566,-1,mu,9.763732278098644,1.9657200660266334,-0.7510169676032313,0.10566,1,mu
100014,ee,0.55,synthetic,42.590546571517685,-0.21830453464982774,-0.9594477645620921,0.000511,-1,e,44.29143274824895,0.056203888899476105,2.3414509655314695,0.000511,1,e
100015,mumu,0.55,synthetic,24.778228882699565,1.1847174580610818,-2.1892300474979636,0.10566,-1,mu,19.92691260479459,-1.5766426935875508,0.9736499804501266,0.10566,1,mu
100016,mumu,0.55,synthetic,41.01090045157005,-0.8723468950415189,-2.199627010361422,0.10566,-1,mu,35.253447583951825,0.36598617685821216,0.8488075106059416,0.10566,1,mu
100017,mumu,0.55,synthetic,28.87608113284766,0.9959513923163608,-2.4428832825279723,0.10566,-1,mu,26.166774590383042,-1.1393751178789782,0.5619860572229324,0.10566,1,mu
100018,ee,0.55,synthetic,33.650573069130076,0.9620482887377415,2.031970618714882,0.000511,-1,e,27.496230527432704,-0.9337923267494513,-0.9175071271251973,0.000511,1,e
100019,mumu,0.55,synthetic,42.873407735696844,0.5533418364774012,-2.368854679234328,0.10566,-1,mu,47.71490895449755,0.4167331046994068,0.9152448221030471,0.10566,1,mu
100020,ee,0.55,synthetic,26.32414072883486,-0.8585035258847676,3.1101986529549976,0.000511,-1,e,26.339100795037698,1.4267251247737567,0.5721847459096945,0.000511,1,e
100021,mumu,0.55,synthetic,37.95702329361173,-0.6388072668293402,-2.084437833981976,0.10566,-1,mu,47.263431049857104,-0.012148235762034552,1.173190902707303,0.10566,1,mu
100022,mumu,0.55,synthetic,44.55005700488287,0.5382065948962369,-0.6521129095987122,0.10566,-1,mu,36.71642183746093,-0.4480797649286801,2.5598621178831746,0.10566,1,mu
100023,mumu,0.55,synthetic,30.014330237460584,1.1894142511248111,1.2202569399300656,0.10566,-1,mu,26.04537951802085,-1.0297935313244762,-1.7088999075909215,0.10566,1,mu
100024,mumu,0.55,synthetic,16.16841450615421,1.438372466613546,-1.4778311944740343,0.10566,-1,mu,20.24779600350926,-1.6712806243112166,2.3514398510210905,0.10566,1,mu
100025,ee,0.55,synthetic,38.018215603226004,0.4896999774426706,0.9857375802097915,0.000511,-1,e,38.808795462931464,-0.7854004064625372,-1.9388163974006556,0.000511,1,e
100026,mumu,0.55,synthetic,37.695356198150925,-0.028501513395076693,-3.102748950837183,0.10566,-1,mu,52.2455175559387,0.14489714297963638,0.10928194496113038,0.10566,1,mu
100027,ee,0.55,synthetic,37.36107877385919,1.224916500990605,0.0423135526834417,0.000511,-1,e,47.27811269674152,0.4981845452955971,-3.021056670040039,0.000511,1,e
100028,ee,0.55,synthetic,38.49343867247208,0.5509153929523387,0.7503925804017268,0.000511,-1,e,39.2376502153904,-0.6312471838766616,-2.646047062982128,0.000511,1,e
100029,mumu,0.55,synthetic,27.783299653861135,0.5152546802545146,1.9597519140122013,0.10566,-1,mu,31.628348461506352,-1.4869312483121635,-1.2636936265487184,0.10566,1,mu
100030,ee,0.55,synthetic,40.06997416169725,0.8120187854834829,2.868371536033947,0.000511,-1,e,34.75242221077945,-0.513101964851278,-0.35074798834611365,0.000511,1,e
100031,mumu,0.55,synthetic,11.120617539283415,-2.0123446896880943,0.6882264197368166,0.10566,-1,mu,9.67729452562601,2.3794152586734603,-2.2126659502070845,0.10566,1,mu
100032,ee,0.55,synthetic,35.56123119138477,0.25984445051732274,-2.764663933142094,0.000511,-1,e,38.281573105388034,-0.9175303299231442,0.44366681248763984,0.000511,1,e
100033,mumu,0.55,synthetic,42.034135889823425,0.6965975249002941,-0.5609388523809609,0.10566,-1,mu,39.22574789934676,-0.5551861228864136,2.3942504069254715,0.10566,1,mu
100034,ee,0.55,synthetic,22.98484280284935,0.8023193547485992,1.2013929348465289,0.000511,-1,e,15.550526101789826,-2.339747692447595,-1.6547224254416737,0.000511,1,e
100035,mumu,0.55,synthetic,13.24752005153323,2.2656873327379534,-2.44470031470403,0.10566,-1,mu,4.044527226570043,-2.7064175044851284,0.9076305111901531,0.10566,1,mu
100036,ee,0.55,synthetic,24.228442472764385,0.9852426512998668,0.81717614156997,0.000511,-1,e,21.343655187465558,-1.6009790819214218,-2.316199390485629,0.000511,1,e
100037,ee,0.55,synthetic,51.68203356729864,-0.019068975463274025,-1.8765903182528407,0.000511,-1,e,42.54990463106778,-0.4014265001270832,1.402056700177044,0.000511,1,e
100038,mumu,0.55,synthetic,42.657090992469385,0.5684325764860491,-2.523214692376076,0.10566,-1,mu,42.91098691869797,-0.031045630105044963,0.8083177817613219,0.10566,1,mu
100039,mumu,0.55,synthetic,43.44745774383746,0.2960555052485511,-1.9478193225768812,0.10566,-1,mu,41.57132787434817,-0.4950306894980654,1.2475714674474696,0.10566,1,mu
100040,mumu,0.55,synthetic,49.55134532597755,-0.4316471561635041,-1.9561544097465564,0.10566,-1,mu,41.77219548950271,-0.9745631788794247,1.237532258822845,0.10566,1,mu
100041,mumu,0.55,synthetic,20.048874893295388,1.2473780416839373,-2.2537918117556432,0.10566,-1,mu,22.654088827049744,-1.5911929650221726,1.4324598577071257,0.10566,1,mu
100042,ee,0.55,synthetic,49.788653466377454,0.22611415716862515,-1.9683280454434284,0.000511,-1,e,39.972136941529854,-0.2550319500044686,1.1227782709092209,0.000511,1,e
100043,ee,0.55,synthetic,16.784749427909897,-1.7947476949204262,1.8162265571292973,0.000511,-1,e,9.278186823182873,2.2063320960080968,-1.2431569524775832,0.000511,1,e
100044,ee,0.55,synthetic,44.982836707602594,-0.5004076530889613,-0.403494115786566,0.000511,-1,e,43.89861559018606,-0.6904741841197609,2.7092418492475683,0.000511,1,e
100045,mumu,0.55,synthetic,45.465406423776315,0.38933035748959277,-0.9688047281273788,0.10566,-1,mu,40.93781280372555,-0.30399215783544714,2.019382157783416,0.10566,1,mu
100046,mumu,0.55,synthetic,5.614268791598495,-3.078414962513505,2.3008086360584548,0.10566,-1,mu,15.625319677282437,1.4436639964463447,-1.9358051032109576,0.10566,1,mu
100047,ee,0.55,synthetic,34.587062359677645,1.2300694678304278,-2.3112982764330887,0.000511,-1,e,38.19157291934106,-0.1514586516725251,0.7805917150277536,0.000511,1,e
100048,ee,0.55,synthetic,40.20434056870451,0.7586306160594326,-1.4397153572030896,0.000511,-1,e,41.349736868311325,-0.4595062762993148,1.5285269719598693,0.000511,1,e
100049,ee,0.55,synthetic,43.71841115636228,0.7304861924445497,-0.22715463109701506,0.000511,-1,e,43.851510468961635,0.08398566820230734,2.8527063562284685,0.000511,1,e
100050,ee,0.55,synthetic,27.905141617589557,0.7559976778197637,-2.665913583186004,0.000511,-1,e,38.89496978924779,-0.924147001893937,0.3745993682701206,0.000511,1,e
100051,ee,0.55,synthetic,38.72808774976223,1.1741066921084073,1.576703158759706,0.000511,-1,e,28.724065327278495,-0.4446872828931361,-1.3061100300878834,0.000511,1,e
100052,ee,0.55,synthetic,44.45874159915648,-0.13357591932457402,-0.2695822261222427,0.000511,-1,e,39.50166931023344,-1.048459984689795,2.876065979824117,0.000511,1,e
100053,mumu,0.55,synthetic,33.844535963411516,1.6927557798949564,1.5393222440458696,0.10566,-1,mu,30.803237116736533,-0.02359393870607386,-1.192770228012225,0.10566,1,mu
100054,mumu,0.55,synthetic,40.89265188515797,-1.0025936328781286,0.04304547116039086,0.10566,-1,mu,38.4937936974603,0.04609434353961121,2.741051738351528,0.10566,1,mu
100055,mumu,0.55,synthetic,36.926166772702835,0.9006846308134826,2.7842510836983667,0.10566,-1,mu,40.7250331883572,-0.3389929230080825,-0.49077770303546453,0.10566,1,mu
100056,ee,0.55,synthetic,35.11734430936431,0.44567965200548415,-1.3299069837106872,0.000511,-1,e,38.17605161603637,-0.9397441824888862,2.042299995847812,0.000511,1,e
100057,mumu,0.55,synthetic,45.485845971665405,-0.1210739264544372,-1.634766441719748,0.10566,-1,mu,47.22262286941809,-0.06597359495344492,1.6237962245569464,0.10566,1,mu
100058,ee,0.55,synthetic,42.863192479168774,0.3447059655734789,2.8848372331429806,0.000511,-1,e,40.09661266153873,-0.595731443547925,-0.16595456988274576,0.000511,1,e
100059,ee,0.55,synthetic,41.47974933548076,0.43731568681863336,-0.5001532156717784,0.000511,-1,e,42.70012732666896,-0.47755466621932813,2.760289599369724,0.000511,1,e
100060,ee,0.55,synthetic,41.851589646031485,-0.29448414870604894,1.5629127123416953,0.000511,-1,e,48.45945117034907,0.29970687429417675,-1.4030376641495155,0.000511,1,e
100061,ee,0.55,synthetic,26.263833947739652,0.8520514927588763,-1.8588918945607842,0.000511,-1,e,26.34370904286168,-1.454755051617409,1.3926104719193932,0.000511,1,e
100062,mumu,0.55,synthetic,42.239833323106275,-0.587964506830011,2.8320695198509296,0.10566,-1,mu,45.961986636870684,-0.5372936147837633,-0.4678425511855708,0.10566,1,mu
100063,ee,0.55,synthetic,29.093368282384628,-1.045595146215686,-2.873512768351913,0.000511,-1,e,29.19005100534236,0.9448097509728454,0.07392619205873195,0.000511,1,e
100064,ee,0.55,synthetic,47.94870485165412,0.31960572194492853,0.5985119611111436,0.000511,-1,e,43.83635240102516,0.36299492012183476,-2.416193665508997,0.000511,1,e
100065,ee,0.55,synthetic,25.824704212001585,0.869050953806372,-1.688718282892906,0.000511,-1,e,30.849163452367634,-1.2137843277152005,1.0837714458385264,0.000511,1,e
100066,mumu,0.55,synthetic,36.71746147252573,-0.5576147667489132,-0.28028443508596973,0.10566,-1,mu,33.421970517697396,0.9861187981923618,3.0635571844576335,0.10566,1,mu
100067,ee,0.55,synthetic,44.30550560134994,-0.37026349910629164,-0.05962836090508522,0.000511,-1,e,45.60425275091647,-0.13004962330874564,-3.002529048595741,0.000511,1,e
100068,mumu,0.55,synthetic,27.67357064769171,-0.8766174982801087,1.590737278200879,0.10566,-1,mu,33.201116198779495,1.072469033611221,-1.4587398500039646,0.10566,1,mu
100069,ee,0.55,synthetic,23.509945701940676,0.7480490273168815,2.6215918494144343,0.000511,-1,e,23.24151850730413,-1.815074805685186,-0.8711485636112807,0.000511,1,e
100070,ee,0.55,synthetic,41.710891511295735,0.23229816370195655,-2.078033293741125,0.000511,-1,e,52.474598918739105,0.790410961374351,1.0193355350882438,0.000511,1,e
100071,ee,0.55,synthetic,48.6808653362316,-0.21911146618191998,-2.089508906108249,0.000511,-1,e,45.27802618887115,-0.09217684542811026,1.1594786709531537,0.000511,1,e
100072,ee,0.55,synthetic,45.24509733572902,-0.22167634441756123,1.7882629084054769,0.000511,-1,e,47.457412040042435,-0.7341295536945426,-1.3133801696235397,0.000511,1,e
100073,mumu,0.55,synthetic,37.75746703341741,-1.0015133560895721,1.535270582831465,0.10566,-1,mu,44.34177034987793,0.17664661955892763,-1.454599286081048,0.10566,1,mu
100074,ee,0.55,synthetic,29.062781530098167,0.9620303955244833,1.6919135154013876,0.000511,-1,e,20.046777100334413,-1.5594098899537283,-1.3497068346055898,0.000511,1,e
100075,mumu,0.55,synthetic,31.10859417863637,1.2593325989012438,2.6026306587873784,0.10566,-1,mu,28.71089089133503,-0.7724956338180645,-0.6153647764029763,0.10566,1,mu
100076,mumu,0.55,synthetic,50.95136677890719,0.056068057557490406,-1.1667008162763015,0.10566,-1,mu,38.04471860055896,-0.5926825999728113,1.7760184471757225,0.10566,1,mu
100077,ee,0.55,synthetic,26.18814227512377,0.8786821572875748,-0.7757933024462219,0.000511,-1,e,27.426458063891562,-1.3713238554863827,2.2807284912598034,0.000511,1,e
100078,ee,0.55,synthetic,38.76535311702127,-0.8425606585832286,-1.7161836446973986,0.000511,-1,e,33.25463691964997,0.6161582850686903,1.1880188775680076,0.000511,1,e
100079,ee,0.55,synthetic,42.21565458037398,-0.7207703733870513,-1.92272087635079,0.000511,-1,e,34.71099643742619,0.6958446392141981,1.2665805019989915,0.000511,1,e
100080,ee,0.55,synthetic,43.53976243093361,0.2520294724928345,-1.6028578481978144,0.000511,-1,e,46.38790200367485,-0.1621281140555448,1.6236693938451296,0.000511,1,e
100081,ee,0.55,synthetic,31.12115404435089,-1.0873199432349794,-2.5892048122477886,0.000511,-1,e,34.0033907066284,0.6507875770010395,0.24850972006216301,0.000511,1,e
100082,mumu,0.55,synthetic,4.936889579223202,-2.1522043436105225,2.9612051366360084,0.10566,-1,mu,14.463574362513599,2.5845868048034197,1.5888512647699613,0.10566,1,mu
100083,ee,0.55,synthetic,45.763913221638596,0.1609020464707094,0.003207998300096066,0.000511,-1,e,41.516394095622395,-0.017362499812064943,3.1128392298041954,0.000511,1,e
100084,mumu,0.55,synthetic,17.546117791876263,1.3077783177637725,1.8778342908881642,0.10566,-1,mu,14.689315064303042,-2.107849874541065,-1.2157214285540376,0.10566,1,mu
100085,mumu,0.55,synthetic,43.76648368352619,0.31945391912317883,2.7001790115757442,0.10566,-1,mu,37.81754633175137,-0.4276805270677775,-0.7341987776162633,0.10566,1,mu
100086,ee,0.55,synthetic,47.672599536073996,-0.17237784848096682,0.929070584412605,0.000511,-1,e,44.97778876348468,0.18333056407516626,-2.092717713104918,0.000511,1,e
100087,ee,0.55,synthetic,13.48636800138279,-2.0476850894616985,-2.261412319826669,0.000511,-1,e,20.79652473296798,1.250429973568382,0.5546731184839664,0.000511,1,e
100088,ee,0.55,synthetic,35.7774582557617,1.1444663409833729,3.0529915185387124,0.000511,-1,e,38.54826412013276,-0.10517042451596134,0.08454818785031068,0.000511,1,e
100089,mumu,0.55,synthetic,43.17464573145409,0.28369461046517225,-2.517683994821423,0.10566,-1,mu,43.473912740341824,-0.45350245456353383,0.6128713865309855,0.10566,1,mu
100090,ee,0.55,synthetic,12.220937677738243,1.6717585627039473,-1.384146558642506,0.000511,-1,e,15.744770603382557,-2.094893029506356,1.993377074261315,0.000511,1,e
100091,ee,0.55,synthetic,41.634778746696014,0.12013980519724354,-0.46219629661512984,0.000511,-1,e,49.80373176669487,0.08653322112820738,2.632458902505383,0.000511,1,e
100092,mumu,0.55,synthetic,50.24257659414153,0.23322865504175688,2.5648884912895493,0.10566,-1,mu,38.4568608697184,-0.46582126729662543,-0.3784774595511075,0.10566,1,mu
100093,mumu,0.55,synthetic,19.46262285843445,1.5608823477294802,0.21846916989476695,0.10566,-1,mu,17.140404545130085,-1.6243322970833576,3.059572598893044,0.10566,1,mu
100094,ee,0.55,synthetic,37.327580783299055,-0.7346119871253265,-0.5154933397437751,0.000511,-1,e,31.109830273479613,0.8339565244548383,2.506795169708655,0.000511,1,e
100095,ee,0.55,synthetic,48.96466800855009,0.36842194508226966,-0.5481188006187466,0.000511,-1,e,35.81525407396495,1.358404319133659,2.245768752170517,0.000511,1,e
100096,mumu,0.55,synthetic,14.625902712703711,1.8257377309149572,0.656044069623396,0.10566,-1,mu,18.05972173769397,-1.6565241291910697,-2.4841001441207373,0.10566,1,mu
100097,ee,0.55,synthetic,45.757796317736386,0.24642820698112253,2.4673135916155777,0.000511,-1,e,45.29322257834701,0.28622217514661236,-0.6559826659245809,0.000511,1,e
100098,mumu,0.55,synthetic,45.03292537521254,-0.5415116139154372,0.9798909318567003,0.10566,-1,mu,39.71201947353902,0.15471201667025225,-2.095539189505841,0.10566,1,mu
100099,mumu,0.55,synthetic,46.8945225867777,-0.16046036260960014,0.3384142001764364,0.10566,-1,mu,42.57290829988914,-0.4990256549858256,-2.675950076498014,0.10566,1,mu
100100,ee,0.55,synthetic,36.645762946371704,0.7972006777003273,2.2845838768133526,0.000511,-1,e,43.89165696012852,-0.10556084305161839,-0.9508224355641887,0.000511,1,e
100101,mumu,0.55,synthetic,35.282574474353574,0.7711463285785245,1.0687803700220384,0.10566,-1,mu,40.50822460859771,-0.5125275721261245,-1.9416793572534565,0.10566,1,mu
100102,mumu,0.55,synthetic,43.78784034445791,-0.02917959627329114,0.2823782566642471,0.10566,-1,mu,41.25557665880487,0.4606910399053559,-2.7657696043817164,0.10566,1,mu
100103,ee,0.55,synthetic,21.910963291729185,-1.2372013970487574,-2.114614487908326,0.000511,-1,e,19.076840036015486,1.5654971753823845,1.2873385603723073,0.000511,1,e
100104,mumu,0.55,synthetic,37.6431915453489,-0.010694937804107912,-2.043919227000791,0.10566,-1,mu,40.04054169293332,-1.1408508604497976,0.9110973332093102,0.10566,1,mu
100105,mumu,0.55,synthetic,23.96259166861121,1.3237182700252728,-1.8468923908167174,0.10566,-1,mu,24.16071414710186,-1.2620772516779915,1.147386007997211,0.10566,1,mu
100106,ee,0.55,synthetic,22.255628426417108,1.4290572748770984,2.5077704542991373,0.000511,-1,e,6.746715834191994,-2.5048451054881586,-0.34606260305915104,0.000511,1,e
100107,mumu,0.55,synthetic,32.29117483630408,-0.8711324632633747,-0.29273543822241643,0.10566,-1,mu,29.028364969083707,1.009205889956907,2.6171451226560154,0.10566,1,mu
100108,ee,0.55,synthetic,43.28949455538453,-0.41397446352887196,-0.9102939186741611,0.000511,-1,e,47.04834486596509,-0.01748961245887307,2.217590039860192,0.000511,1,e
100109,ee,0.55,synthetic,25.92001012079264,-0.6360960648787458,-3.1390614316184378,0.000511,-1,e,37.969650281935294,1.2301373418367183,0.12600125829648387,0.000511,1,e
100110,mumu,0.55,synthetic,13.672414599619616,0.97881329550375,-2.141121633392475,0.10566,-1,mu,18.92837328265962,-2.4097239531092285,1.1964473804932751,0.10566,1,mu
100111,ee,0.55,synthetic,25.82746688247935,-1.1363628399873391,0.6382872727676198,0.000511,-1,e,27.647248744057396,0.9635376263432048,-2.6251768254388494,0.000511,1,e
100112,ee,0.55,synthetic,32.55342812043354,1.4765335406292537,-1.399963631240252,0.000511,-1,e,39.8209884594137,0.05902286168875828,1.8974687687542853,0.000511,1,e
100113,mumu,0.55,synthetic,43.22493149476381,-0.11236294525824102,2.614292121273304,0.10566,-1,mu,46.66605388721482,0.36332991461025355,-0.4139218361180721,0.10566,1,mu
100114,ee,0.55,synthetic,33.800666646215156,0.48276940494494613,0.7820071247002423,0.000511,-1,e,42.00698046663878,-0.8024070807165887,-2.183000689912546,0.000511,1,e
100115,mumu,0.55,synthetic,52.66933696308881,-0.21502169039730618,0.1521064578500527,0.10566,-1,mu,38.227181077596164,-0.5149002341357724,-3.0427351196157115,0.10566,1,mu
100116,ee,0.55,synthetic,20.60699928438653,1.1177461993022488,2.307688811243049,0.000511,-1,e,24.661828664152235,-1.5719941438829184,-0.8222245335748878,0.000511,1,e
100117,mumu,0.55,synthetic,38.28850180232624,-0.29869695743510266,-1.524176945865331,0.10566,-1,mu,46.347328160763325,0.7081102049655539,1.6054776532987534,0.10566,1,mu
100118,mumu,0.55,synthetic,19.491213235596245,-1.1214738916603313,-2.647659598641648,0.10566,-1,mu,18.186238868589,1.951593288874702,0.37423600448781447,0.10566,1,mu
100119,mumu,0.55,synthetic,31.65375498490598,1.3449281833369882,2.681928236276907,0.10566,-1,mu,31.86285608050909,-0.3964449715989571,-0.41717702784405625,0.10566,1,mu
100120,mumu,0.55,synthetic,49.0752048024336,0.14222554084766578,-2.2904893157591846,0.10566,-1,mu,40.58317941604426,0.6507348627736442,0.9073880413181163,0.10566,1,mu
100121,ee,0.55,synthetic,44.5240596841872,0.3015590468841032,-2.015685590713472,0.000511,-1,e,42.707253507337704,-0.40885930331070097,0.9152274970685029,0.000511,1,e
100122,mumu,0.55,synthetic,49.76907905357996,-0.08063904468647054,-1.6382348631249772,0.10566,-1,mu,38.81913771530127,-0.8099366194211123,1.6426332305959286,0.10566,1,mu
100123,ee,0.55,synthetic,41.01652129865676,0.8428577094661939,0.6403779711811786,0.000511,-1,e,43.031198619383375,0.013513639906430607,-2.5795970517956217,0.000511,1,e
100124,mumu,0.55,synthetic,35.98189647303226,-0.42694531994740964,2.48058248623778,0.10566,-1,mu,35.99247117398209,1.0096604814333456,-0.5203475424929698,0.10566,1,mu
100125,ee,0.55,synthetic,10.233315517265119,2.5328678819090746,0.6226629509344376,0.000511,-1,e,13.23514426575959,-1.4605528744969616,-2.4174171841569447,0.000511,1,e
100126,mumu,0.55,synthetic,27.822166682960823,-1.0534741476486114,0.4110990395686774,0.10566,-1,mu,22.75786538478712,1.2891015396975996,-2.6145146781624478,0.10566,1,mu
100127,ee,0.55,synthetic,33.08604719819195,0.8342963646043852,1.5110393496039298,0.000511,-1,e,38.91187300888007,-0.7158971865126054,-1.5048927547398834,0.000511,1,e
100128,ee,0.55,synthetic,46.27084272755106,0.3123931982857979,-2.826619549741979,0.000511,-1,e,45.024939788712445,0.21749134291763925,0.6037300116195211,0.000511,1,e
100129,ee,0.55,synthetic,41.258937401545246,-0.3519917794165853,-2.034295738516457,0.000511,-1,e,43.09251531269171,0.3406008907520586,1.1003299623013327,0.000511,1,e
100130,ee,0.55,synthetic,39.475454589907955,0.7467039366355442,0.5346941161233707,0.000511,-1,e,38.30307631081194,-0.35634719789264374,-2.6727356851758968,0.000511,1,e
100131,mumu,0.55,synthetic,42.59482434353944,0.08896086386326728,3.140056764480517,0.10566,-1,mu,49.51856732784533,0.013471293617206228,0.23008096535098937,0.10566,1,mu
100132,ee,0.55,synthetic,42.138500416941795,0.049814992021168215,-1.5935565792273967,0.000511,-1,e,42.73423155215059,0.7623710744049671,1.594013937559946,0.000511,1,e
100133,mumu,0.55,synthetic,19.884458054722245,1.1864271685564367,1.6739366510131692,0.10566,-1,mu,23.523765652054124,-1.651771576137007,-2.0101750684990676,0.10566,1,mu
100134,ee,0.55,synthetic,28.396864664902562,-0.992566010304999,-0.3827562972779872,0.000511,-1,e,29.52151190040632,0.9942054403462106,2.7365390166149686,0.000511,1,e
100135,mumu,0.55,synthetic,18.59019837663876,-1.7177508122940779,-1.0533387669672,0.10566,-1,mu,32.76848846340088,0.784975723626064,2.3401537311612257,0.10566,1,mu
100136,mumu,0.55,synthetic,43.64731293426431,0.8818977363397713,0.6973903084413363,0.10566,-1,mu,41.181983980707116,0.06937954003160272,-2.270927619680057,0.10566,1,mu
100137,ee,0.55,synthetic,17.78525199327643,-1.66043289140088,0.9785706873711649,0.000511,-1,e,16.852224343824822,1.5425956219366157,-1.9453590173290884,0.000511,1,e
100138,ee,0.55,synthetic,37.866707341592374,0.3137902111989268,-0.9325276261990231,0.000511,-1,e,31.16778115607109,-1.0203765692455355,2.0803786292389117,0.000511,1,e
100139,mumu,0.55,synthetic,41.14549940454923,-0.8238638434737707,-3.0053341070459294,0.10566,-1,mu,28.109538428565585,0.7405111712174666,0.27066857320410603,0.10566,1,mu
100140,mumu,0.55,synthetic,42.62831637643883,-0.2760096136271678,-2.1782146695648272,0.10566,-1,mu,45.95301383649234,0.06203335098558411,0.8412763938055317,0.10566,1,mu
100141,mumu,0.55,synthetic,40.01768425831375,-0.3303443153543168,1.196981338027833,0.10566,-1,mu,39.14699559326384,-1.4151452281456278,-2.0287999977251037,0.10566,1,mu
100142,ee,0.55,synthetic,43.356379691923536,-0.24080253013152442,2.9185679034003353,0.000511,-1,e,46.90058982182785,-0.43530605673745437,-0.30829216974453155,0.000511,1,e
100143,ee,0.55,synthetic,43.89205430247735,-0.31400390206451545,-2.2164054707092813,0.000511,-1,e,44.20293402479936,0.2892351245516298,0.8894858368066707,0.000511,1,e
100144,ee,0.55,synthetic,27.99760156194764,1.4177291118029143,-0.7005648113366446,0.000511,-1,e,30.749801171625094,-0.5736869497235602,2.4224740042366153,0.000511,1,e
100145,ee,0.55,synthetic,44.20887012349242,0.2141624752048651,-1.8107898916923995,0.000511,-1,e,39.25737860074472,1.1258937723416376,1.1229231425380757,0.000511,1,e
100146,ee,0.55,synthetic,21.727522888622662,-1.4607818912589798,2.1957610572313913,0.000511,-1,e,26.40037224098257,1.1694170203013958,-1.0600082317873687,0.000511,1,e
100147,mumu,0.55,synthetic,45.070236386961895,-0.32696159430963984,-2.4002423744603587,0.10566,-1,mu,40.91757508639287,-0.907177244293408,0.6444004362246103,0.10566,1,mu
100148,ee,0.55,synthetic,53.47641911226076,0.27894055340210344,-0.9535184712479247,0.000511,-1,e,39.70000798814969,0.6702624680343594,2.049271055473614,0.000511,1,e
100149,ee,0.55,synthetic,23.18519638145509,0.4620801427002011,1.259160830795946,0.000511,-1,e,15.798583735230842,-2.543308052321349,-1.4723018078767767,0.000511,1,e
100150,mumu,0.55,synthetic,21.04582920379483,2.297787710894276,0.3079262307439155,0.10566,-1,mu,9.971876370729952,-1.2927894072609558,2.9626357531154826,0.10566,1,mu
100151,mumu,0.55,synthetic,45.58025556484493,0.18935947978497916,0.7435778595247778,0.10566,-1,mu,44.29488872018184,-0.3195949244375684,-2.44171931662232,0.10566,1,mu
100152,ee,0.55,synthetic,26.02404869821642,-0.29603097272061946,-1.656364940350267,0.000511,-1,e,30.257287523630858,1.8180745430866305,1.285461073990858,0.000511,1,e
100153,ee,0.55,synthetic,27.717052984973925,1.391540716186384,-1.823644989370793,0.000511,-1,e,33.973955597706464,-0.597726635325947,1.451347835944081,0.000511,1,e
100154,mumu,0.55,synthetic,42.320753870964005,0.28716623850054057,-2.4196410807644115,0.10566,-1,mu,30.723054674542443,1.6345112868467495,0.4617967323154281,0.10566,1,mu
100155,ee,0.55,synthetic,34.85256811989278,0.7433340412814702,-0.4164484762968411,0.000511,-1,e,33.209940764844156,-0.855113776256509,2.869008074935807,0.000511,1,e
100156,ee,0.55,synthetic,36.90924244302122,-0.42869102933259534,1.8695780164526066,0.000511,-1,e,43.47113296849258,0.4952013299846069,-1.3896488939974228,0.000511,1,e
100157,ee,0.55,synthetic,28.041936491551066,-0.6268859855580422,-0.7196238588988577,0.000511,-1,e,38.53493484412838,1.0281590431810201,2.3072737042130087,0.000511,1,e
100158,mumu,0.55,synthetic,30.720185231131726,0.8071632431822041,1.157764862917956,0.10566,-1,mu,29.339718635465953,-1.1847080984464604,-2.3624070920113103,0.10566,1,mu
100159,mumu,0.55,synthetic,26.748490240325598,0.793631938045165,1.9517860109896383,0.10566,-1,mu,31.838434710433027,-1.1329938786126763,-1.2219413206815677,0.10566,1,mu
100160,ee,0.55,synthetic,19.219149681543854,-1.6544106519156296,2.7232782997320504,0.000511,-1,e,22.447902196547744,1.1428813809509568,-0.195021818111694,0.000511,1,e
100161,ee,0.55,synthetic,45.08341154924213,-0.10317131761967713,0.2783684237713051,0.000511,-1,e,42.766294598606045,0.1329449034877892,-3.0725952369580662,0.000511,1,e
100162,mumu,0.55,synthetic,41.944963556206886,1.0895526161212117,0.8486881150720336,0.10566,-1,mu,42.58054351934813,0.6119455871684802,-2.2835807571083833,0.10566,1,mu
100163,mumu,0.55,synthetic,24.774322463320544,1.0718291088427991,1.3868247843556678,0.10566,-1,mu,27.98321797272018,-1.1980296612298522,-2.089515534621697,0.10566,1,mu
100164,ee,0.55,synthetic,35.494617681776205,-0.320840689427868,0.7345621390440595,0.000511,-1,e,42.372250267968575,0.74127194889993,-2.767331330040056,0.000511,1,e
100165,ee,0.55,synthetic,19.512147457911897,1.2275488333915245,1.4663065382782372,0.000511,-1,e,20.779310721560012,-1.6341181401413227,-1.83325420983224,0.000511,1,e
100166,mumu,0.55,synthetic,43.66646350043095,0.10398460761574134,-0.9337509826255317,0.10566,-1,mu,48.56225588954248,0.029639736187050913,2.1023775267330187,0.10566,1,mu
100167,ee,0.55,synthetic,21.371493331628212,-0.8314014841901669,-1.4030951970317291,0.000511,-1,e,17.057595095466137,2.182824269259922,0.994443245403204,0.000511,1,e
100168,mumu,0.55,synthetic,44.8098745876845,0.421635451074155,2.333413002810587,0.10566,-1,mu,44.506389587897715,-0.1257386401495247,-0.7821902842008731,0.10566,1,mu
100169,ee,0.55,synthetic,23.490542588793396,1.402752263057873,-0.09271052799368465,0.000511,-1,e,23.082301388943346,-1.2938711776335072,3.051491228746481,0.000511,1,e
100170,ee,0.55,synthetic,31.706641974631125,-1.1689711970000023,0.9957982816536808,0.000511,-1,e,38.00014733546,0.4219279084924457,-2.4317468765798944,0.000511,1,e
100171,mumu,0.55,synthetic,38.80340371429297,0.8527271035637083,1.424502522368599,0.10566,-1,mu,36.26752228048574,-0.5350151900154255,-1.7569011094715083,0.10566,1,mu
100172,mumu,0.55,synthetic,30.99719583729424,0.8931029762802196,-1.73449593305514,0.10566,-1,mu,35.012739704472864,-0.7817130321973864,1.356922995355309,0.10566,1,mu
100173,ee,0.55,synthetic,23.95194555080181,1.281335577910081,1.3653192109867274,0.000511,-1,e,23.875248537967426,-1.3375759632257913,-2.146466093505666,0.000511,1,e
100174,mumu,0.55,synthetic,46.126191765625954,0.4365129563554461,-0.1443493548768534,0.10566,-1,mu,41.988530313146896,0.004059891289421171,3.001356908050811,0.10566,1,mu
100175,mumu,0.55,synthetic,42.10499045061372,0.5590848200327792,-0.33307794706142796,0.10566,-1,mu,43.4534450998138,0.18708508112674535,2.5402569634063177,0.10566,1,mu
100176,ee,0.55,synthetic,32.15236489637523,-0.5198842453226782,-2.606074926421307,0.000511,-1,e,39.68844942445488,0.9830045166631877,0.4208657615882368,0.000511,1,e
100177,mumu,0.55,synthetic,30.70292620725977,-0.9972185113135899,0.7734396877759545,0.10566,-1,mu,29.526394614168222,0.9240693058459538,-2.0497359972066507,0.10566,1,mu
100178,mumu,0.55,synthetic,47.15469723278193,0.9424364460230626,-3.0387741177833636,0.10566,-1,mu,42.11260231277673,0.7513778779713769,0.03599537395801797,0.10566,1,mu
100179,mumu,0.55,synthetic,47.286013338501746,0.3060701347250368,-0.05158589567956893,0.10566,-1,mu,41.6740234682742,0.08749097891752837,-3.139173075515174,0.10566,1,mu
100180,mumu,0.55,synthetic,29.19121173079396,1.4107691960240174,3.0157810848265028,0.10566,-1,mu,18.6591026998548,-1.1418686271621885,0.2041998336532266,0.10566,1,mu
100181,ee,0.55,synthetic,29.242884697433205,-1.4877572740508092,-2.6610161917695514,0.000511,-1,e,28.97940393662605,0.4385124029876075,0.7840450691564098,0.000511,1,e
100182,mumu,0.55,synthetic,35.81238216449507,-0.31752034624606157,1.002013891619294,0.10566,-1,mu,22.103626709046377,1.7896173581856771,-2.348835355867685,0.10566,1,mu
100183,ee,0.55,synthetic,26.923235972415558,1.33928933665418,2.374233612979843,0.000511,-1,e,24.182433774036845,-1.0710128623209125,-1.1034394160553036,0.000511,1,e
100184,ee,0.55,synthetic,33.85313671604827,0.7078519005379585,2.885414780177622,0.000511,-1,e,27.981669265032348,-1.1876887711913344,-0.33237986831395633,0.000511,1,e
100185,ee,0.55,synthetic,45.12659411836907,-0.29297100882623855,-0.3152586068724237,0.000511,-1,e,43.53230692414688,0.2669784103360666,2.7723307356849327,0.000511,1,e
100186,mumu,0.55,synthetic,37.692105935622614,-0.07672250084035233,-2.1314952147809336,0.10566,-1,mu,43.82565839843281,-1.187112007134619,0.9200395460371774,0.10566,1,mu
100187,ee,0.55,synthetic,24.268874827728318,1.3426659385673971,1.8822072016447424,0.000511,-1,e,29.712351978996644,-0.8244843879069342,-1.4157386051778067,0.000511,1,e
100188,mumu,0.55,synthetic,5.97836693583999,2.306453577128224,-2.418163605395628,0.10566,-1,mu,5.108497151773824,-3.2942983832785377,0.23477429294472515,0.10566,1,mu
100189,ee,0.55,synthetic,37.86909480230316,0.6159375961948956,2.509989878381144,0.000511,-1,e,34.705395251771755,-0.8720175792303057,-0.7771082743491649,0.000511,1,e
100190,mumu,0.55,synthetic,39.33531897697098,-0.1120192312605616,1.4152480828796508,0.10566,-1,mu,32.65939499775899,1.3304615961866606,-1.8149684200225287,0.10566,1,mu
100191,mumu,0.55,synthetic,24.047903605411374,1.3333773662886788,-2.3828886570573484,0.10566,-1,mu,21.976206187429472,-1.267933884303843,1.044720082520803,0.10566,1,mu
100192,mumu,0.55,synthetic,36.57752253458095,0.23718630863257917,-1.7330620103642744,0.10566,-1,mu,31.830408216382004,-1.362693309345755,1.6999942077123056,0.10566,1,mu
100193,ee,0.55,synthetic,30.16176475820493,-1.0736611577905533,-2.4250898954449425,0.000511,-1,e,39.91643857931617,0.5352771347412529,0.8004765739000624,0.000511,1,e
100194,ee,0.55,synthetic,23.62044264121338,-0.7065216945292004,0.9902992579741179,0.000511,-1,e,16.595767165771534,2.3224621149719664,-2.0962357831253193,0.000511,1,e
100195,ee,0.55,synthetic,45.12722817304851,0.3265973752853061,2.5249110737210763,0.000511,-1,e,48.10243955094619,0.2935820222062898,-0.7922964232768724,0.000511,1,e
100196,ee,0.55,synthetic,41.26073365100522,0.581309221289391,1.4520815438524575,0.000511,-1,e,41.72841014833465,-0.31979551033599884,-1.5344325993023573,0.000511,1,e
100197,mumu,0.55,synthetic,42.36005023748074,-0.4392615932812816,-2.963188986824238,0.10566,-1,mu,52.86777431313199,-0.4043086579556092,-0.09163263075846359,0.10566,1,mu
100198,ee,0.55,synthetic,39.043014704146515,0.7488173907146646,3.0000184374863714,0.000511,-1,e,38.873539030342315,-0.2764817080938484,-0.1153607643977024,0.000511,1,e
100199,mumu,0.55,synthetic,41.62068553486341,0.1744993121015468,1.3038191697155093,0.10566,-1,mu,47.38628391606832,-0.366219531258082,-1.956241902809098,0.10566,1,mu
100200,mumu,0.55,synthetic,30.351073102346177,1.3116829662883231,0.03504414509338508,0.10566,-1,mu,38.950019026230066,-0.21633419262020087,-2.983509841200108,0.10566,1,mu
100201,mumu,0.55,synthetic,10.08007452273338,-2.229260986136632,-0.549942124437635,0.10566,-1,mu,10.127237430516594,2.075183150684133,1.867054096536238,0.10566,1,mu
100202,mumu,0.55,synthetic,50.722508367835054,0.5101137221867477,-1.4880254336314351,0.10566,-1,mu,43.21872924147268,0.4071090449231863,1.6343743621978297,0.10566,1,mu
100203,mumu,0.55,synthetic,22.427565509759415,-1.0700003199432477,-0.8848653656824522,0.10566,-1,mu,27.522547111834,1.514910944375674,2.1058352327154926,0.10566,1,mu
100204,mumu,0.55,synthetic,39.199121518480936,-0.8950253395697234,1.1010164483079703,0.10566,-1,mu,39.141543430329605,0.2716421480471314,-2.134447341294772,0.10566,1,mu
100205,ee,0.55,synthetic,42.826065591269334,0.020920851831512644,1.7763650722089641,0.000511,-1,e,48.09146517960604,-0.21954690454196923,-1.515379921859385,0.000511,1,e
100206,mumu,0.55,synthetic,37.78411317497854,-0.8450514271583921,2.5935130721483564,0.10566,-1,mu,36.353464642971,0.438582762941721,-0.5077283854302478,0.10566,1,mu
100207,mumu,0.55,synthetic,31.06695725834257,1.7926966721237505,1.0542213136283476,0.10566,-1,mu,30.75337996825425,-0.065497916784995,-2.03812817944028,0.10566,1,mu
100208,ee,0.55,synthetic,45.79525248998269,-0.21911769790793287,-2.0028857676093987,0.000511,-1,e,43.76794867803332,0.5305269413891779,1.1924350170780011,0.000511,1,e
100209,ee,0.55,synthetic,30.149317017506515,0.8742894050985018,-1.4900118639228748,0.000511,-1,e,23.995969086474446,-1.4375185609233505,1.9236918991081537,0.000511,1,e
100210,mumu,0.55,synthetic,31.43279804796723,0.8198412674199613,-1.1853378707819815,0.10566,-1,mu,29.96958155037992,-1.1235567305041518,1.9937394097671457,0.10566,1,mu
100211,ee,0.55,synthetic,32.75655680104059,0.8579511309507937,2.570324054580319,0.000511,-1,e,38.95189242106203,-0.5072696110307253,-0.49210903448939713,0.000511,1,e
100212,mumu,0.55,synthetic,40.232742895526656,-0.0005518637412101415,-0.9523817133925783,0.10566,-1,mu,45.6918390313542,0.7357893228250648,2.0694052923438027,0.10566,1,mu
100213,ee,0.55,synthetic,26.889333694534415,-0.3119254112449529,-2.119580473365079,0.000511,-1,e,16.157466559453958,2.4957972921886715,1.3308699549174905,0.000511,1,e
100214,mumu,0.55,synthetic,44.447260529724986,-0.07939521318603938,0.8425190727105102,0.10566,-1,mu,44.199946569455456,0.3807099023004838,-2.194449754306008,0.10566,1,mu
100215,mumu,0.55,synthetic,41.69227495645437,-0.32308646480667075,2.642326815770426,0.10566,-1,mu,45.034225418673294,0.2715844350733375,-0.451009634057727,0.10566,1,mu
100216,mumu,0.55,synthetic,28.16271020508171,-1.0011702122064163,1.628034979513575,0.10566,-1,mu,30.09359682345742,1.0293419972549553,-1.303748554180004,0.10566,1,mu
100217,mumu,0.55,synthetic,32.01579932742539,0.6554728902988834,0.37315814235325545,0.10566,-1,mu,36.34954449988243,-0.9170828552118196,-2.9569122379440596,0.10566,1,mu
100218,ee,0.55,synthetic,42.924969745345315,-0.2764199481280745,-1.9882725687918006,0.000511,-1,e,42.67788574398575,0.3060580614280762,1.4093314177989114,0.000511,1,e
100219,ee,0.55,synthetic,40.546216890615476,0.502327357881304,-2.3172468247196503,0.000511,-1,e,32.93121158842176,-1.0151524799412506,0.8307322629123051,0.000511,1,e
100220,mumu,0.55,synthetic,41.83422253795285,-0.4426086933532113,2.2652871550220706,0.10566,-1,mu,41.387037115007864,0.3573163623556611,-0.8818254188018857,0.10566,1,mu
100221,ee,0.55,synthetic,41.19484030536228,-0.020599805225326295,2.093489699171314,0.000511,-1,e,48.13954287106013,-0.2588534738110022,-1.0944452857080205,0.000511,1,e
100222,ee,0.55,synthetic,12.518344177468368,-1.6985984836650012,0.7986544171770923,0.000511,-1,e,12.679489660044712,2.133316806843965,-2.1385679616075235,0.000511,1,e
100223,ee,0.55,synthetic,22.268189926591678,1.5597975758505402,-2.900631917353355,0.000511,-1,e,23.155029617273147,-1.2421964286726257,0.5122994275440653,0.000511,1,e
100224,ee,0.55,synthetic,47.744475566983404,-0.4309672330087166,-2.014488137166619,0.000511,-1,e,45.236931196259334,-0.32396542892213537,1.193366285671536,0.000511,1,e
100225,ee,0.55,synthetic,40.66483565345453,0.5610549291677266,-1.2911975320788442,0.000511,-1,e,39.96631050574001,-0.5204524362139665,2.0656332289944572,0.000511,1,e
100226,mumu,0.55,synthetic,34.17658111550194,-0.6621964679401029,-1.6801404897747951,0.10566,-1,mu,39.98528280752794,0.6646570433574337,1.2880604229815604,0.10566,1,mu
100227,ee,0.55,synthetic,40.2943373215019,0.6676495964488126,-2.9160090671895156,0.000511,-1,e,47.350258233671426,0.11534289279879553,0.19923493991997593,0.000511,1,e
100228,ee,0.55,synthetic,20.143130020135942,0.9536583696536938,-0.011521879775894646,0.000511,-1,e,27.297251055017664,-1.5649204186337653,2.8704236934957432,0.000511,1,e
100229,ee,0.55,synthetic,48.63638686526093,0.34249632939644076,-0.3354428765853091,0.000511,-1,e,42.11539499917117,0.17433321082918707,2.710588414669726,0.000511,1,e
100230,mumu,0.55,synthetic,47.32785976974383,0.18411101413368108,0.5386882930320205,0.10566,-1,mu,45.830230807359406,0.0790143673899908,-2.4514736386555906,0.10566,1,mu
100231,ee,0.55,synthetic,43.74975984707177,-0.024756898780090124,0.9295631933321739,0.000511,-1,e,44.741395837464104,0.24385642496796428,-2.179957453826309,0.000511,1,e
100232,ee,0.55,synthetic,42.04955646633738,0.03651236185979414,2.7611859024257637,0.000511,-1,e,47.212141965101964,-0.40169635215799815,-0.2379270848006095,0.000511,1,e
100233,mumu,0.55,synthetic,11.145770487203595,1.915201048354653,3.0050977693872527,0.10566,-1,mu,6.221126434634599,-2.823789418606072,-0.051046758381026,0.10566,1,mu
100234,ee,0.55,synthetic,21.355036549693647,-0.8305076615890569,2.7003340436962873,0.000511,-1,e,15.905076628617566,2.2279100315111435,-0.34611850268592903,0.000511,1,e
100235,ee,0.55,synthetic,52.98390843961607,-0.06718159000395993,1.594036046625013,0.000511,-1,e,43.66179074357177,0.22250315926032935,-1.5907901693091215,0.000511,1,e
100236,mumu,0.55,synthetic,14.632105365233464,0.9588383334649416,-0.10823618666322307,0.10566,-1,mu,8.875044158116461,-3.1333191249678753,2.1176368206542104,0.10566,1,mu
100237,mumu,0.55,synthetic,43.847888505617036,0.2731536188293803,1.0600148318895628,0.10566,-1,mu,42.133194223857906,-0.4985820530613912,-2.124779438491589,0.10566,1,mu
100238,mumu,0.55,synthetic,29.137478130142693,0.41141773783972313,-1.9755876380777948,0.10566,-1,mu,39.10824341546974,-1.2199407443590917,1.424896102907556,0.10566,1,mu
100239,mumu,0.55,synthetic,20.78027630546419,-1.8488707893399954,-2.85195946090073,0.10566,-1,mu,27.392382012897954,0.5932299273799677,0.10222602543729928,0.10566,1,mu
100240,mumu,0.55,synthetic,15.058093670342878,-1.5326203309254656,0.5948670149217022,0.10566,-1,mu,18.203449180027956,1.7803719006785872,-2.5371588086698655,0.10566,1,mu
100241,mumu,0.55,synthetic,30.233507893377666,0.9042517440462138,-2.5972689440817573,0.10566,-1,mu,34.7913779647898,-0.9823646108181738,0.6506595021004703,0.10566,1,mu
100242,ee,0.55,synthetic,44.94459030775886,0.5732531734709467,1.8814460825016626,0.000511,-1,e,45.294720923523656,0.029943516716778237,-1.218266551129265,0.000511,1,e
100243,mumu,0.55,synthetic,38.69171079142067,-0.8252743073211495,1.0312504053259797,0.10566,-1,mu,40.33403584621729,0.1510328583991562,-2.0250372232845404,0.10566,1,mu
100244,ee,0.55,synthetic,29.556874057266175,-0.8133622026996452,-1.720062981989943,0.000511,-1,e,25.337184089061477,1.456104433278772,1.6208148198199666,0.000511,1,e
100245,ee,0.55,synthetic,34.84040133943315,-1.5302734302094558,2.803039289784167,0.000511,-1,e,36.50607951510832,0.010350435620946848,-0.18874728020944356,0.000511,1,e
100246,mumu,0.55,synthetic,22.43930785291836,-1.0504080058407232,2.7137436981409593,0.10566,-1,mu,27.33511438831154,1.3213939606938268,-0.500988365444515,0.10566,1,mu
100247,ee,0.55,synthetic,9.468332944697071,2.5132632554867373,0.35879110017155236,0.000511,-1,e,15.38655836032057,-1.4861193583653958,-3.066787731726133,0.000511,1,e
100248,mumu,0.55,synthetic,36.93019820229978,0.005108177537639102,-2.256749001849878,0.10566,-1,mu,32.546316311806656,-1.3688741371186268,0.8893023097818811,0.10566,1,mu
100249,mumu,0.55,synthetic,39.33759840283,1.2863985240965659,0.44223890980320746,0.10566,-1,mu,41.413035380718746,0.03699392066115156,-2.8209757020046204,0.10566,1,mu
100250,mumu,0.55,synthetic,11.580046607997822,2.674815863742234,0.564686307555234,0.10566,-1,mu,15.570574850435099,-1.1124233426499637,-3.01869291776504,0.10566,1,mu
100251,mumu,0.55,synthetic,35.6896113384758,-0.5622273332802256,-2.5805006612915986,0.10566,-1,mu,34.80318857402828,1.024109284732252,0.33480861453824934,0.10566,1,mu
100252,mumu,0.55,synthetic,39.07291809191039,-0.10064602359397685,-0.7146195970593797,0.10566,-1,mu,45.37917036889898,0.727118997171053,2.4277308696647233,0.10566,1,mu
100253,mumu,0.55,synthetic,42.41286217052272,0.3100980507566951,1.2706304850931194,0.10566,-1,mu,44.76098438851725,0.02996544822525388,-1.977642370490263,0.10566,1,mu
100254,ee,0.55,synthetic,44.23061530344393,0.7672521550696425,0.9168017491546102,0.000511,-1,e,38.022038642594445,-0.0841611592110257,-1.9960207009426068,0.000511,1,e
100255,mumu,0.55,synthetic,37.53963077552526,0.030776748370307153,1.7148014555274855,0.10566,-1,mu,35.37722679487712,-1.3229170313518697,-1.435920529064134,0.10566,1,mu
100256,mumu,0.55,synthetic,35.149667159459675,0.29853117623609693,1.2004307689054912,0.10566,-1,mu,32.7684147654789,-1.4213340332330446,-1.7422984139416897,0.10566,1,mu
100257,mumu,0.55,synthetic,45.573869467430804,-0.9201249504590715,-1.0793032781929215,0.10566,-1,mu,37.49596820798244,-0.07148162725596899,2.34215731500766,0.10566,1,mu
100258,ee,0.55,synthetic,38.879901074852526,0.7419120476704276,-2.754636004742887,0.000511,-1,e,43.86455727266165,0.042620178777053,0.35750995824392956,0.000511,1,e
100259,mumu,0.55,synthetic,24.273933521253515,0.4101361007003745,0.17455816111834163,0.10566,-1,mu,30.55991131436367,-1.8481399126127425,-2.6065317580571516,0.10566,1,mu
100260,mumu,0.55,synthetic,15.28579734973257,-1.6771594118187312,1.519432966632866,0.10566,-1,mu,15.86477016929973,1.8345714945164697,-0.8843501120900216,0.10566,1,mu
100261,mumu,0.55,synthetic,32.72279955748649,1.3639341374267155,-2.2536467978409642,0.10566,-1,mu,40.29626068496629,-0.17488888435772684,0.40040583188661744,0.10566,1,mu
100262,mumu,0.55,synthetic,38.18453985785076,-0.4265510055498815,-0.3921801821900682,0.10566,-1,mu,39.53606641158909,0.6123874138347264,2.741203481832947,0.10566,1,mu
100263,ee,0.55,synthetic,41.89228684764992,0.3875225824112266,1.8414357990420636,0.000511,-1,e,38.93918626757533,-0.6475700883367965,-1.224656826384516,0.000511,1,e
100264,mumu,0.55,synthetic,48.799661857508724,-0.48544896597896064,2.2731317182266886,0.10566,-1,mu,42.0024518949047,-0.8340749133274018,-1.065477617717461,0.10566,1,mu
100265,ee,0.55,synthetic,27.100256664512624,-1.3725111774849965,2.319055184976919,0.000511,-1,e,26.265164042578593,0.9102475945321532,-1.1253989644891886,0.000511,1,e
100266,ee,0.55,synthetic,29.44051751103888,1.3190266798406622,-2.7960056414234664,0.000511,-1,e,24.855032652260576,-0.876939207671052,0.3975741701086515,0.000511,1,e
100267,mumu,0.55,synthetic,34.79814479493121,-0.3286377610468466,1.1334926732077562,0.10566,-1,mu,33.0682820071566,1.366283778595182,-1.9588136870998494,0.10566,1,mu
100268,mumu,0.55,synthetic,21.592442358178477,-1.7626106633442462,-2.2769939775857067,0.10566,-1,mu,27.453409575534767,0.6482063761576745,0.5457473319624728,0.10566,1,mu
100269,mumu,0.55,synthetic,34.27583599091926,0.8145536039099953,-1.0606354110390825,0.10566,-1,mu,35.55153164352005,-0.6159706848246356,2.4199620253898697,0.10566,1,mu
100270,ee,0.55,synthetic,47.452786688986954,0.13537778043372828,1.3811416520959698,0.000511,-1,e,39.26650869753681,-0.40558366023554304,-1.7078496949501825,0.000511,1,e
100271,ee,0.55,synthetic,29.463738517869196,0.631542789025284,1.7227930706338177,0.000511,-1,e,32.473860771123256,-1.2335055263352506,-1.5351193510463117,0.000511,1,e
100272,mumu,0.55,synthetic,49.13466952077353,-0.4264038398534075,2.5522948304835906,0.10566,-1,mu,46.15830390695096,-0.2950237619908124,-0.5367300132185596,0.10566,1,mu
100273,ee,0.55,synthetic,48.06769042078777,0.13773032299598456,-0.8473612262335058,0.000511,-1,e,36.884063280516536,-0.49044071209488704,2.12732419562506,0.000511,1,e
100274,mumu,0.55,synthetic,23.972476797428204,-0.6450571691058818,-2.651010490421973,0.10566,-1,mu,19.686397298235374,2.1095649530374523,0.5116050623076922,0.10566,1,mu
100275,mumu,0.55,synthetic,43.146713397069,0.26176873348547225,1.7117211804438832,0.10566,-1,mu,46.384697258196105,0.617233798704022,-1.4207725538748759,0.10566,1,mu
100276,mumu,0.55,synthetic,42.95905930549862,-0.14772640778674914,-0.13567053775170873,0.10566,-1,mu,40.815183656104864,0.6456793371673608,2.969470572183179,0.10566,1,mu
100277,ee,0.55,synthetic,43.79718418720366,-0.3479749589142698,-1.0302482872557484,0.000511,-1,e,41.39913663128123,0.4825426695634885,2.107385686100383,0.000511,1,e
100278,mumu,0.55,synthetic,14.01259335300184,-1.8460157744872763,3.1203454944986873,0.10566,-1,mu,15.235743400028412,1.7597567804443173,-0.4914289216741673,0.10566,1,mu
100279,ee,0.55,synthetic,45.4594275294488,0.17616399463288865,0.5593432890864887,0.000511,-1,e,42.88126817283346,-0.1704048397311886,-2.564378289617199,0.000511,1,e
100280,ee,0.55,synthetic,41.17178336038481,-0.14397541338554012,2.5351690882993587,0.000511,-1,e,45.211864511720776,0.4256915901767681,-0.6623508253162541,0.000511,1,e
100281,ee,0.55,synthetic,34.42888333403471,0.9786745784084893,-0.5840691802549953,0.000511,-1,e,35.87221927541574,-0.5798723968433936,2.3724709818820062,0.000511,1,e
100282,mumu,0.55,synthetic,40.31522476197587,0.35791653680691277,3.0145483028446107,0.10566,-1,mu,40.5823711151199,-0.5206909124228204,-0.30732420708507246,0.10566,1,mu
100283,ee,0.55,synthetic,39.581642527319815,0.5445727760885042,-2.780979339106494,0.000511,-1,e,49.15559424520322,1.0755229284173016,0.22724372740276308,0.000511,1,e
100284,mumu,0.55,synthetic,42.96707220258532,0.7244565856732023,-1.5601455874614716,0.10566,-1,mu,44.501071950599865,0.09761457091703372,1.6617633687194762,0.10566,1,mu
100285,ee,0.55,synthetic,45.241854692933494,0.38026091131827905,2.693965445359454,0.000511,-1,e,42.96597035595937,0.009472658534230493,-0.35475450375812406,0.000511,1,e
100286,ee,0.55,synthetic,20.352414292327648,-1.270156406879447,2.252532710324523,0.000511,-1,e,26.03050591629354,1.3899564395652788,-0.9058671948532045,0.000511,1,e
100287,ee,0.55,synthetic,39.5057470969671,0.4591681012611124,1.9511188952459202,0.000511,-1,e,39.185632905315124,-0.45035613597737323,-1.3618174088738997,0.000511,1,e
100288,ee,0.55,synthetic,44.81592497184148,0.463246629555648,0.0739345085115058,0.000511,-1,e,42.85563101202382,-0.00184863881203811,-2.876693118579471,0.000511,1,e
100289,ee,0.55,synthetic,30.053571945345055,0.9484331467111361,-1.2614771579752166,0.000511,-1,e,22.088732644301164,-1.4050621957091287,1.850810000566168,0.000511,1,e
100290,mumu,0.55,synthetic,26.82298812012864,1.037084314676277,0.5958770144517767,0.10566,-1,mu,25.491143866892767,-1.3303740675371944,-2.422867552636753,0.10566,1,mu
100291,ee,0.55,synthetic,43.630535347913735,-0.002905916944135701,-2.2307239659245073,0.000511,-1,e,44.96115641122703,-0.30685586498633355,0.7135439024120763,0.000511,1,e
100292,ee,0.55,synthetic,39.71507844232071,-0.2823220441028325,-2.1996599447040754,0.000511,-1,e,38.69281432802961,0.8631794641697779,0.854201361756326,0.000511,1,e
100293,mumu,0.55,synthetic,36.77719063184963,-0.4078526455780862,3.0773208868022914,0.10566,-1,mu,39.02624863277367,0.9153841806222072,-0.0228440515762355,0.10566,1,mu
100294,ee,0.55,synthetic,27.48206271468082,-1.143531573442688,-2.862530572385442,0.000511,-1,e,34.01978671610998,0.7491443355193597,0.5314129614525126,0.000511,1,e
100295,ee,0.55,synthetic,35.15076651974464,-1.4095365735916514,1.5317434979203655,0.000511,-1,e,38.54527515976505,-0.12476757904813245,-1.6386050058524344,0.000511,1,e
100296,mumu,0.55,synthetic,34.727433122629726,0.7011735219844702,-0.5698316921042766,0.10566,-1,mu,29.059177307251094,-1.1205546821199956,2.645083602917594,0.10566,1,mu
100297,ee,0.55,synthetic,24.40182035541806,1.4952290890002153,-2.871463323989114,0.000511,-1,e,14.659466654361346,-1.5468086742393974,0.04239138693553161,0.000511,1,e
100298,ee,0.55,synthetic,41.21719260183003,0.5326544914884953,-0.8899656723027818,0.000511,-1,e,42.05342395707134,-0.47536910841644636,2.339386850623296,0.000511,1,e
100299,ee,0.55,synthetic,48.322153184405586,-0.7933416655305717,1.1291402339439365,0.000511,-1,e,39.706583629825985,0.0008438566853702965,-1.8647438528685258,0.000511,1,e
100300,ee,0.55,synthetic,40.167036144442704,0.48200010633166507,2.6860624531190425,0.000511,-1,e,41.24235004758572,-0.5684541323737456,-0.4129173655262486,0.000511,1,e
100301,mumu,0.55,synthetic,45.688968811011215,0.1572501771876266,1.1940689287897075,0.10566,-1,mu,39.68233369935068,-0.6904532993321735,-1.7169110149888758,0.10566,1,mu
100302,mumu,0.55,synthetic,47.05725559142553,0.1397566845239914,3.011057494856043,0.10566,-1,mu,46.42861053889536,0.0441439561160178,-0.11226864945253219,0.10566,1,mu
100303,mumu,0.55,synthetic,5.09881740334674,-2.650756354668219,-0.8091862997864868,0.10566,-1,mu,5.294494614362025,3.180991690919063,-3.0883906129723204,0.10566,1,mu
100304,ee,0.55,synthetic,42.87329288057007,-0.2550754626238513,-0.9100822716183232,0.000511,-1,e,32.547903806634906,1.081024296549278,1.9038718154758272,0.000511,1,e
100305,mumu,0.55,synthetic,45.84994911748664,-0.2240871765511362,2.5647130065126196,0.10566,-1,mu,40.864681615615474,0.4717272338741997,-0.7442116458950061,0.10566,1,mu
100306,ee,0.55,synthetic,39.917651164804894,0.577079620312228,2.836068050602849,0.000511,-1,e,39.82353115257333,-0.4654409950485942,-0.4949335582180427,0.000511,1,e
100307,mumu,0.55,synthetic,39.07225548319981,0.6009450213960015,2.7996799798641705,0.10566,-1,mu,36.581854881309326,-0.7452146396174666,-0.7855611193373879,0.10566,1,mu
100308,mumu,0.55,synthetic,27.198553330417237,1.2592478511582086,-1.3229321164324837,0.10566,-1,mu,34.28109552706661,-0.6120118542990817,1.7659094435459242,0.10566,1,mu
100309,ee,0.55,synthetic,37.31350807988927,0.40700104933686443,-1.4931042987903598,0.000511,-1,e,34.48045026981473,-0.8880905945004128,1.5211296104756244,0.000511,1,e
100310,mumu,0.55,synthetic,44.08771317554417,0.6769902941157782,-3.108009381070559,0.10566,-1,mu,45.41117176930939,0.38201877289171876,0.20095733871093485,0.10566,1,mu
100311,mumu,0.55,synthetic,46.38978710147299,0.0239921411484014,2.51634152752957,0.10566,-1,mu,41.33692722448903,-0.5387931746966798,-0.7431343496025031,0.10566,1,mu
100312,mumu,0.55,synthetic,37.986420777779486,-0.6363913503422733,-0.22683252758911698,0.10566,-1,mu,49.571123077343984,-1.0448920036671667,2.868999761426863,0.10566,1,mu
100313,mumu,0.55,synthetic,27.492066717730932,1.8411997738108976,-2.875820479460654,0.10566,-1,mu,19.380358154100055,-0.750984421310701,0.04460116446834571,0.10566,1,mu
100314,ee,0.55,synthetic,48.43443982557083,0.4646562479592478,0.26357517110152395,0.000511,-1,e,44.28638834439937,0.24858071622706468,-2.726372945048533,0.000511,1,e
100315,ee,0.55,synthetic,7.442932312435718,2.2390821020109435,0.31324303003042275,0.000511,-1,e,9.849915913009369,-2.5147982893354195,2.984667694886302,0.000511,1,e
100316,ee,0.55,synthetic,43.371289897402924,-0.6216186722969668,0.712235834694365,0.000511,-1,e,42.351906390614545,0.06867085000701575,-2.2174540373548592,0.000511,1,e
100317,mumu,0.55,synthetic,38.90498241652633,0.017160894117801615,-2.3790028338397944,0.10566,-1,mu,35.68200264158193,1.3822811481446922,0.7072171275347066,0.10566,1,mu
100318,mumu,0.55,synthetic,30.677782470587992,0.8158670525923658,-0.8125032042182171,0.10566,-1,mu,30.35303249025888,-1.1381830047035468,2.709032610691435,0.10566,1,mu
100319,mumu,0.55,synthetic,40.44337963598291,-0.16149066683737057,-1.5302380244494795,0.10566,-1,mu,43.22257122674988,0.7774904667627848,1.6068994498606162,0.10566,1,mu
100320,mumu,0.55,synthetic,45.08043909952693,0.6121769677029532,0.8055796221514063,0.10566,-1,mu,41.87714415442106,-0.2711037955884491,-2.3211376914901627,0.10566,1,mu
100321,mumu,0.55,synthetic,39.80231864032655,0.6810737887972608,-0.4471967474872329,0.10566,-1,mu,35.21553384078105,-0.5720763184596563,2.589248734829573,0.10566,1,mu
100322,ee,0.55,synthetic,46.460871283368476,0.13183522498671713,-1.7550624390321534,0.000511,-1,e,46.79365896910539,0.03790323758575926,1.3892957067768668,0.000511,1,e
100323,mumu,0.55,synthetic,15.784628670508027,-0.8678702781572749,2.8275047013423547,0.10566,-1,mu,15.404715202999775,2.6254030170064704,-0.8593255073680623,0.10566,1,mu
100324,ee,0.55,synthetic,40.0041023333499,-0.6565007727313834,-1.202926888619852,0.000511,-1,e,49.767713818738606,-0.16214019473803193,1.629812122949587,0.000511,1,e
100325,mumu,0.55,synthetic,30.36417860955043,1.13597379164443,-2.437453602740536,0.10566,-1,mu,28.937768341779915,-0.8715600615255843,0.5896596555256147,0.10566,1,mu
100326,mumu,0.55,synthetic,42.40701507455606,0.26585640768063906,0.34230587293648834,0.10566,-1,mu,42.15619011232733,-0.5471858725977701,-2.713534083611997,0.10566,1,mu
100327,mumu,0.55,synthetic,41.61433704570407,0.6867260013635212,-0.6116767825101698,0.10566,-1,mu,33.961028675901694,-0.6994199806209551,2.555981245421293,0.10566,1,mu
100328,mumu,0.55,synthetic,41.99189170414798,-0.011060335740765636,-2.0833975139154663,0.10566,-1,mu,52.50138788340978,-0.25484926763761867,1.0490569654375888,0.10566,1,mu
100329,ee,0.55,synthetic,39.015081083972746,-0.39141553530775736,-0.9939480689334905,0.000511,-1,e,49.20237680260091,0.37907418265404613,2.167122042933958,0.000511,1,e
100330,mumu,0.55,synthetic,44.30287034544927,-0.08763198661434429,-0.7863367097754631,0.10566,-1,mu,43.45583798963408,-0.12195855501870057,2.241691268354144,0.10566,1,mu
100331,ee,0.55,synthetic,38.03710184865113,-0.06582036428883953,1.2995277156561882,0.000511,-1,e,38.82346810479254,-1.2929676107816095,-2.1145984530635547,0.000511,1,e
100332,mumu,0.55,synthetic,28.614420458558172,0.8909970711745124,-1.9377937972643848,0.10566,-1,mu,31.54628202254604,-1.0034461249230502,1.150374421646396,0.10566,1,mu
100333,ee,0.55,synthetic,44.73534341716477,0.11295175937328919,-2.0787044046307352,0.000511,-1,e,41.49168078437463,-0.5671981793973709,0.926761123487113,0.000511,1,e
100334,ee,0.55,synthetic,42.549591160677565,-0.16238036038427459,0.3992362108328983,0.000511,-1,e,48.38972079183555,0.18888622688971551,-2.6748767071929205,0.000511,1,e
100335,ee,0.55,synthetic,41.04555774306935,-0.7706152770964139,-2.616193955604961,0.000511,-1,e,41.84043235296337,0.3978312663008679,0.7017979654789425,0.000511,1,e
100336,ee,0.55,synthetic,49.24392104434679,-0.18258026477688571,2.1540344090321373,0.000511,-1,e,39.57053639510408,-0.16107390897669807,-1.03030590168306,0.000511,1,e
100337,ee,0.55,synthetic,42.944074255639265,-0.19120184816461536,-2.048537317045548,0.000511,-1,e,41.515348426745675,0.46587388808012475,1.0794546642675649,0.000511,1,e
100338,ee,0.55,synthetic,42.74470866354064,-0.25353394602511664,0.8198220760765851,0.000511,-1,e,48.85167162694104,0.16004322010064562,-2.258326084277651,0.000511,1,e
100339,ee,0.55,synthetic,43.85501301191517,0.5053982109576051,-0.45587849184009444,0.000511,-1,e,42.64886296798356,-0.4811900431081176,2.307479101542766,0.000511,1,e
100340,ee,0.55,synthetic,38.34033136587999,-0.5300562299449837,-2.5139044847407557,0.000511,-1,e,49.345180183014804,-1.1312530298734382,0.6466136310533928,0.000511,1,e
100341,mumu,0.55,synthetic,29.20879291546119,1.473413132438532,-0.4156332130180478,0.10566,-1,mu,33.65574827575297,-0.34572160533560814,3.035443416671973,0.10566,1,mu
100342,mumu,0.55,synthetic,40.74316797606158,-0.004083429183503114,0.8956886610308924,0.10566,-1,mu,41.649658214594524,-1.1119528630149427,-2.105746189859645,0.10566,1,mu
100343,mumu,0.55,synthetic,17.727748678589872,-1.4326553849816248,1.458920433949644,0.10566,-1,mu,27.568616180336907,1.1468008486738308,-1.8540875424582315,0.10566,1,mu
100344,ee,0.55,synthetic,43.92456292825413,0.24193969688689168,1.524721757122029,0.000511,-1,e,41.86530129725446,-0.5700224252564006,-1.5295096229659613,0.000511,1,e
100345,ee,0.55,synthetic,29.40522833489637,-0.715537878125303,2.3672797957791505,0.000511,-1,e,30.206793996437472,1.2575644432363078,-0.6083989907133417,0.000511,1,e
100346,mumu,0.55,synthetic,37.8644843439169,0.14545161166384238,2.690853118435462,0.10566,-1,mu,35.09244923494096,-1.2594332625065137,-0.7892928826506117,0.10566,1,mu
100347,ee,0.55,synthetic,44.691632077233294,0.342182728010614,0.48509194610629575,0.000511,-1,e,44.91982517159898,0.2506455716792212,-2.641634774931364,0.000511,1,e
100348,ee,0.55,synthetic,29.172155848158397,-0.9226378545349682,0.6993640415614489,0.000511,-1,e,21.13642187224593,1.4888468794071965,-2.4486014696942573,0.000511,1,e
100349,ee,0.55,synthetic,41.34885782480954,-1.0195025567979135,-0.332312491005757,0.000511,-1,e,37.63824764926133,-0.16293175738487128,2.810302649898268,0.000511,1,e
100350,mumu,0.55,synthetic,44.74895375573261,-0.26326021586275533,0.6776825293555312,0.10566,-1,mu,38.99267923237569,0.4602853908701053,-2.4161841367216836,0.10566,1,mu
100351,ee,0.55,synthetic,42.94814909068453,0.5451285765999749,-2.0555114436201247,0.000511,-1,e,42.255042259912045,-0.2982589332025903,1.0407486842820755,0.000511,1,e
100352,ee,0.55,synthetic,44.92740758523346,-0.08763451623079109,2.6214885039894056,0.000511,-1,e,41.76549081850272,-0.47837881108585745,-0.6325480126478741,0.000511,1,e
100353,mumu,0.55,synthetic,12.476838045245131,1.6693392851207223,0.15620786425366873,0.10566,-1,mu,15.92073529654662,-2.126196140096038,-3.0366305667210716,0.10566,1,mu
100354,mumu,0.55,synthetic,25.77068265677086,0.9063487490536333,2.6406468728724617,0.10566,-1,mu,28.481597880246632,-1.4312364600440197,-0.27811128909442573,0.10566,1,mu
100355,ee,0.55,synthetic,43.70163736785733,-0.37533374644478457,-2.567939660203896,0.000511,-1,e,43.767097492740966,0.030977834253474678,0.5325059837379508,0.000511,1,e
100356,mumu,0.55,synthetic,53.00523818340415,0.13755901758436795,-1.9047567026012093,0.10566,-1,mu,38.21267352335021,-0.6451364984764156,1.3728696526646822,0.10566,1,mu
100357,ee,0.55,synthetic,2.449309986577556,3.7598718498423187,-2.459523044209751,0.000511,-1,e,3.7113769700586263,-2.9645583771603197,-1.7307248534341408,0.000511,1,e
100358,mumu,0.55,synthetic,17.901742723067905,1.6137338489605095,2.0698451750436226,0.10566,-1,mu,13.342327619438029,-1.967085810312294,-1.199139812282332,0.10566,1,mu
100359,mumu,0.55,synthetic,33.414315079798136,-0.6183230377682587,-0.6146422464000412,0.10566,-1,mu,38.5658905782903,0.7048220950829042,2.507023613311666,0.10566,1,mu
100360,mumu,0.55,synthetic,43.293557190171235,0.27442421476172024,1.6027621361381559,0.10566,-1,mu,46.462917214556484,-0.017546809664682958,-1.6552672627922713,0.10566,1,mu
100361,ee,0.55,synthetic,42.55791374592468,-0.9439481475259508,-0.30890046541606614,0.000511,-1,e,41.64879966099919,-0.10865559752656814,-3.0100869651035302,0.000511,1,e
100362,mumu,0.55,synthetic,43.161427025627596,-0.3263326879193136,0.03098752609329389,0.10566,-1,mu,44.11644078955046,0.43817064580783477,3.0174209256082385,0.10566,1,mu
100363,ee,0.55,synthetic,47.166306994769414,0.5164435488005046,2.533002199140941,0.000511,-1,e,40.458289574594296,-0.11238247257304591,-0.5928183076109161,0.000511,1,e
100364,mumu,0.55,synthetic,30.414902222352314,-0.8815606555441841,-2.2829480712915395,0.10566,-1,mu,31.359196172747605,0.9351504194915183,1.0114892307473922,0.10566,1,mu
100365,ee,0.55,synthetic,40.950872207600035,-0.8212204619890571,-0.0631789319573556,0.000511,-1,e,42.27776541606438,-0.14887595131038586,2.9898223821870196,0.000511,1,e
100366,mumu,0.55,synthetic,36.22264169464574,0.6908736575589045,0.8424329962077702,0.10566,-1,mu,37.57142700697748,-0.7820192725154639,-2.288165247898466,0.10566,1,mu
100367,mumu,0.55,synthetic,47.41873881605733,-0.21947499472910925,-1.582591744318026,0.10566,-1,mu,43.839163540447316,-0.5546316889266651,1.4767806852216967,0.10566,1,mu
100368,mumu,0.55,synthetic,21.79037500409079,1.248807516943798,1.548906787206975,0.10566,-1,mu,13.742345412180146,-2.0523658825968227,-1.6180092652865419,0.10566,1,mu
100369,ee,0.55,synthetic,43.571610437253,0.1276643975426707,2.4306435214150786,0.000511,-1,e,46.85457871586298,-0.12397846366245456,-0.6556689380078515,0.000511,1,e
100370,ee,0.55,synthetic,30.10489964029639,1.047998066463262,-0.8171525439083868,0.000511,-1,e,26.823329640317613,-1.0606809370087162,2.32167726027641,0.000511,1,e
100371,ee,0.55,synthetic,31.20821003567986,-0.934752471667635,-2.0226524660050624,0.000511,-1,e,33.949380015394965,0.8068223129458603,1.1163290718913548,0.000511,1,e
100372,mumu,0.55,synthetic,27.51014129102584,-0.9653170070121462,1.4641942898510654,0.10566,-1,mu,20.500546875260056,1.6275515349940692,-1.762914537072108,0.10566,1,mu
100373,mumu,0.55,synthetic,44.53425303795231,-0.23368327430940372,1.5564168831075706,0.10566,-1,mu,51.599744748501955,-0.18050037219508938,-1.5638840546289392,0.10566,1,mu
100374,ee,0.55,synthetic,40.83469278994029,0.04776157595884079,-0.2900170325031209,0.000511,-1,e,45.71069876638792,-0.4487237190487818,2.7527461979031855,0.000511,1,e
100375,mumu,0.55,synthetic,31.917512271915566,-1.916312289369148,0.7707145677488407,0.10566,-1,mu,12.492949862867786,1.012363641616727,-2.5298115562542414,0.10566,1,mu
100376,mumu,0.55,synthetic,37.653546044550325,-0.8950729671365378,1.2250004803772858,0.10566,-1,mu,38.20345814236977,0.32542982794928077,-2.0205954264622976,0.10566,1,mu
100377,mumu,0.55,synthetic,24.414660499158966,0.4208617764998084,2.046388899814907,0.10566,-1,mu,28.85463303117492,-1.8462940946425956,-1.296921369676399,0.10566,1,mu
100378,ee,0.55,synthetic,31.87635723028225,0.9877056087789956,1.5522434193127024,0.000511,-1,e,29.29992298049916,-1.012339061421145,-1.5199384160280502,0.000511,1,e
100379,ee,0.55,synthetic,43.20221543649717,-0.13830354838347356,-0.04931003786072324,0.000511,-1,e,48.293051670580105,0.5641144539667334,3.0801929895591673,0.000511,1,e
100380,mumu,0.55,synthetic,19.473420350178973,1.8999122191468352,2.6641213753131163,0.10566,-1,mu,26.306020114177326,-0.7747802165461615,-0.24496019078380848,0.10566,1,mu
100381,ee,0.55,synthetic,17.258754550610362,1.704635465620385,-0.44521053144036193,0.000511,-1,e,15.288670715106301,-1.675139884170076,3.0342988139088023,0.000511,1,e
100382,ee,0.55,synthetic,39.715381003910224,-0.18537608568375802,-0.11934421549480305,0.000511,-1,e,46.401713067339095,0.6194163255629624,-3.1102796183023163,0.000511,1,e
100383,mumu,0.55,synthetic,29.247967066577946,0.6554887109328724,1.968134126190238,0.10566,-1,mu,28.18996430308343,-1.4668101034802696,-0.8862232724811971,0.10566,1,mu
100384,ee,0.55,synthetic,41.575300908508474,0.33761647634363456,2.739649378201647,0.000511,-1,e,45.313185363500494,0.11372978142477251,-0.4101090348138659,0.000511,1,e
100385,ee,0.55,synthetic,49.190347993312805,0.48977055303073636,2.7452578818296884,0.000511,-1,e,40.41173998925105,0.29435687311219516,-0.34894880206110035,0.000511,1,e
100386,ee,0.55,synthetic,39.910196988648046,-0.5055328348071011,-0.2525034406021273,0.000511,-1,e,50.37988681711527,-0.11228968933731487,2.967219724796999,0.000511,1,e
100387,ee,0.55,synthetic,30.116378314285168,0.5707297444552071,0.20759921767852352,0.000511,-1,e,27.089124848806332,-1.5671998054362284,-3.0165531710781357,0.000511,1,e
100388,ee,0.55,synthetic,38.33197391875351,0.16047538687981597,0.10043530006779189,0.000511,-1,e,47.444920140901274,-0.20506185961583023,3.009692864784989,0.000511,1,e
100389,ee,0.55,synthetic,39.64302017270025,-0.83199399693648,-1.6793712107136456,0.000511,-1,e,35.170715942571775,0.4640949720986914,1.3004029232568577,0.000511,1,e
100390,mumu,0.55,synthetic,39.08874730572931,0.8575080313647384,1.3728843202484102,0.10566,-1,mu,31.855485049130777,-0.5821470875417855,-1.9582775687643366,0.10566,1,mu
100391,mumu,0.55,synthetic,43.283350455034906,-0.22927783722931672,2.005177583684608,0.10566,-1,mu,40.31796378696083,0.5311161353670184,-1.155814762624213,0.10566,1,mu
100392,ee,0.55,synthetic,51.79804934094157,0.8765596958053942,-0.18371207982806634,0.000511,-1,e,38.956322574368485,0.8549892634766869,3.137891438866608,0.000511,1,e
100393,ee,0.55,synthetic,45.481343060996664,0.07325900611322732,-1.2911752765602993,0.000511,-1,e,42.73161254813298,0.16557084941887826,1.788175232546571,0.000511,1,e
100394,mumu,0.55,synthetic,32.818999298277966,-0.8306292667523681,0.16556761779006238,0.10566,-1,mu,30.83692854254402,0.8789350452598039,-2.8418152377606947,0.10566,1,mu
100395,ee,0.55,synthetic,42.45627057721051,0.22909327699060328,-2.769683368681176,0.000511,-1,e,43.33319469011727,-0.42956306202496425,0.3081920505212972,0.000511,1,e
100396,mumu,0.55,synthetic,41.94888935687958,0.6397968387097056,-1.1802855069217928,0.10566,-1,mu,45.59339782385664,0.12438618979802067,1.8078646172411064,0.10566,1,mu
100397,ee,0.55,synthetic,42.37293423796623,-0.3024236748466754,0.6587165862117267,0.000511,-1,e,44.46169308612831,0.1731145256438707,-2.47696812402748,0.000511,1,e
100398,mumu,0.55,synthetic,37.21106109274439,-0.04866519448402292,-2.490361403863607,0.10566,-1,mu,28.224714107341146,1.6033766418531308,0.5366010973919733,0.10566,1,mu
100399,mumu,0.55,synthetic,40.76132698164219,-0.48094242233943646,2.3763400349183113,0.10566,-1,mu,45.027093002855985,0.30180184467756416,-0.6814285760026672,0.10566,1,mu
100400,mumu,0.55,synthetic,45.75177758597509,0.38403515968195223,-2.291752007247125,0.10566,-1,mu,48.13131626151209,0.04224485033970577,0.917350374106954,0.10566,1,mu
100401,mumu,0.55,synthetic,33.18283259222836,-0.5656074073345094,-1.0324081166165149,0.10566,-1,mu,36.09772916376178,1.0190804367751398,1.8923575525036924,0.10566,1,mu
100402,ee,0.55,synthetic,49.042264601451684,-0.09850029332211052,0.6679983420605023,0.000511,-1,e,43.09999707452458,-0.08009080042442614,-2.530214428719922,0.000511,1,e
100403,mumu,0.55,synthetic,10.228100588967969,-2.4760684798998063,-1.2398198922070744,0.10566,-1,mu,5.373306319499775,2.5832419749418416,-0.33181367619297447,0.10566,1,mu
100404,mumu,0.55,synthetic,40.25616738309277,-1.251998913682792,0.4443382902521235,0.10566,-1,mu,28.87541212602072,0.21312283316899508,-2.512431492882896,0.10566,1,mu
100405,ee,0.55,synthetic,47.15910971434152,-0.8333767089195884,1.7764348498042175,0.000511,-1,e,44.53690052936415,-0.45085506916201373,-1.3342320945710715,0.000511,1,e
100406,mumu,0.55,synthetic,3.7483646909656847,-2.3263543932578172,0.6794030076214683,0.10566,-1,mu,6.434714641101433,3.5235774763367775,-2.5486312624420906,0.10566,1,mu
100407,ee,0.55,synthetic,50.88672529086639,-0.16760817705314168,3.1368792061797026,0.000511,-1,e,36.232810692467446,-0.8494651550340292,0.06429497318344153,0.000511,1,e
100408,mumu,0.55,synthetic,40.37599135435017,-0.3937663246858086,-0.47612718942084997,0.10566,-1,mu,32.58287141131807,1.1287229383703046,2.4886005941291325,0.10566,1,mu
100409,mumu,0.55,synthetic,45.684844947905766,-0.3912448681169668,-2.1247694877496968,0.10566,-1,mu,43.85372790617408,-0.329508259313432,0.9975586456128234,0.10566,1,mu
100410,ee,0.55,synthetic,45.33454745623755,-0.2473083472803739,-1.0913643817947183,0.000511,-1,e,44.714144115161574,0.03728628506931834,2.1155041307410993,0.000511,1,e
100411,mumu,0.55,synthetic,42.11689964048056,0.5848967959704615,0.40537220466661383,0.10566,-1,mu,42.04014767676343,-0.07218114971650176,-2.680556131429712,0.10566,1,mu
100412,ee,0.55,synthetic,32.24904740621062,-1.1452218673963892,1.3436208002934864,0.000511,-1,e,22.258388414793682,1.0969786798380976,-2.24494369080863,0.000511,1,e
100413,ee,0.55,synthetic,35.90194596232426,0.8809207901548816,2.5501644986431415,0.000511,-1,e,34.3959961330869,-0.6382804844853831,-0.5762576132404098,0.000511,1,e
100414,ee,0.55,synthetic,5.24031557951748,2.9030607326109314,0.5380690665087949,0.000511,-1,e,9.562593786986916,-2.2462983197656605,-2.7629954607863687,0.000511,1,e
100415,mumu,0.55,synthetic,38.63966742975321,-0.8453228614856975,-2.8962170072249096,0.10566,-1,mu,34.038588315534426,0.6189650807179321,0.10909589542182231,0.10566,1,mu
100416,mumu,0.55,synthetic,37.09881515171003,0.038369033776737616,-0.3808015978325756,0.10566,-1,mu,41.92505037096109,0.9957227246487607,2.981986128407898,0.10566,1,mu
100417,ee,0.55,synthetic,48.133271817620134,0.3860159962733974,2.898422761802488,0.000511,-1,e,43.94233905675818,0.42136502310775,-0.22807299407616652,0.000511,1,e
100418,mumu,0.55,synthetic,41.8185354758105,-0.27814492571321536,-2.267233375815114,0.10566,-1,mu,48.487451747549635,-0.028510340240445273,0.7466738709672153,0.10566,1,mu
100419,ee,0.55,synthetic,20.752587339962336,-1.0835829646034743,0.5665101301731056,0.000511,-1,e,23.176463626093295,1.691366422862629,3.023865628510419,0.000511,1,e
100420,ee,0.55,synthetic,13.312624014200514,1.8918884569889909,-0.7885546088504156,0.000511,-1,e,14.570794086106131,-1.759990063390124,1.8628163956526234,0.000511,1,e
100421,mumu,0.55,synthetic,13.068997593240926,1.978206942737343,-2.3625940877014684,0.10566,-1,mu,6.210276749251076,-2.704007158373789,0.3378345053815948,0.10566,1,mu
100422,mumu,0.55,synthetic,40.63645759809808,0.6135102566555048,-2.461567038945043,0.10566,-1,mu,32.047158720131534,-0.8661883276537017,0.7297827484787354,0.10566,1,mu
100423,mumu,0.55,synthetic,39.94808624805732,0.10383114580446086,1.4076349044454137,0.10566,-1,mu,48.64595606011368,-0.19889028869030762,-1.7016167556704727,0.10566,1,mu
100424,ee,0.55,synthetic,32.592822036648485,0.763149924385019,-1.7639957924897856,0.000511,-1,e,27.511818004007882,-1.2566631326909132,1.4125996100787155,0.000511,1,e
100425,ee,0.55,synthetic,19.448665729606873,-1.8360928884413708,2.489435678182439,0.000511,-1,e,20.94765167949031,1.1697444194278015,-0.4058295631156261,0.000511,1,e
100426,mumu,0.55,synthetic,41.702173009770426,-0.4127161791954466,1.8082226711685985,0.10566,-1,mu,28.516684069658037,1.1335878159560777,-1.2573203520919514,0.10566,1,mu
100427,mumu,0.55,synthetic,24.55045840474418,1.1968778845700931,2.4724714054695167,0.10566,-1,mu,17.96493273131951,-1.7073241198583082,-0.6083464807401561,0.10566,1,mu
100428,ee,0.55,synthetic,45.7411417867493,-0.5624288848417107,-2.3834294601803947,0.000511,-1,e,36.45696444845053,0.4231086181236057,0.8545595109307792,0.000511,1,e
100429,ee,0.55,synthetic,38.84164738819798,-0.5393678748267924,-0.6269880938054806,0.000511,-1,e,43.25196953220229,0.47087221261309903,2.3332263738582704,0.000511,1,e
100430,mumu,0.55,synthetic,27.829318962326116,0.8534969904667892,-1.7906656983151874,0.10566,-1,mu,26.919341673949457,-1.4318304862012805,1.0645501390014733,0.10566,1,mu
100431,ee,0.55,synthetic,42.622558607994954,0.9605900369438656,1.3292530695518339,0.000511,-1,e,38.97971645102677,0.36207098892835843,-1.9469184265500177,0.000511,1,e
100432,ee,0.55,synthetic,27.920656762131983,0.6806055030980286,1.5757522904601236,0.000511,-1,e,32.54488388431168,-1.2136850433823445,-1.4168858720349753,0.000511,1,e
100433,mumu,0.55,synthetic,23.561486975271727,-0.9321904935778922,-3.131425975112541,0.10566,-1,mu,20.160569482690153,1.7593682946851856,-0.1119107860076716,0.10566,1,mu
100434,ee,0.55,synthetic,8.865864654271428,2.262290281353337,-2.069509216858813,0.000511,-1,e,16.31247057533763,-1.7445303951552036,1.4609173937088313,0.000511,1,e
100435,mumu,0.55,synthetic,37.470254575538966,0.8802489148610717,-0.3896623094913251,0.10566,-1,mu,35.3118895965231,-0.5442152761528148,2.74585884247884,0.10566,1,mu
100436,ee,0.55,synthetic,48.274961135524755,-0.020749548768409898,-1.049680984186395,0.000511,-1,e,46.61140942469354,0.010777881787999993,2.2852622988156686,0.000511,1,e
100437,ee,0.55,synthetic,10.333629259181341,2.380895621814431,-1.9051286221748274,0.000511,-1,e,18.09414989136183,-1.4391348802385227,1.7475849039566296,0.000511,1,e
100438,ee,0.55,synthetic,31.6164945356397,-0.4367982512341422,2.2424588443924103,0.000511,-1,e,29.890715391875972,1.3862510269551727,-0.6658113598817371,0.000511,1,e
100439,mumu,0.55,synthetic,22.6674515568055,1.422270869239953,-2.230733849085343,0.10566,-1,mu,27.3363724537501,-1.0430635204958707,0.8840317851716841,0.10566,1,mu
100440,mumu,0.55,synthetic,45.747133619610054,0.12483741722874829,0.37129831729937773,0.10566,-1,mu,47.39719747479846,0.256606372901323,-2.791177671082479,0.10566,1,mu
100441,mumu,0.55,synthetic,31.036382857341003,1.1301450219652134,-0.9123205280330448,0.10566,-1,mu,26.207251880944987,-1.0719338626911037,2.2881347489217543,0.10566,1,mu
100442,ee,0.55,synthetic,47.22832970849757,-0.6346691169738008,-2.949276382368562,0.000511,-1,e,38.36232139334982,-1.1524078272002978,0.19892394374619124,0.000511,1,e
100443,mumu,0.55,synthetic,44.792078081851955,0.7449588157812118,-1.928010502568562,0.10566,-1,mu,36.431952405635464,-0.2580726396038805,1.0755555181472676,0.10566,1,mu
100444,mumu,0.55,synthetic,39.070517352380826,-0.7454620993737304,-2.056857708071565,0.10566,-1,mu,32.818293388093466,0.5867836071525983,1.2442138831250245,0.10566,1,mu
100445,ee,0.55,synthetic,35.88641654016789,-0.41002428405634306,2.29157048454309,0.000511,-1,e,38.03638404402706,0.8529795537355613,-1.0917033057628938,0.000511,1,e
100446,mumu,0.55,synthetic,46.980875519568436,-0.3505086484805321,2.156126702443162,0.10566,-1,mu,38.6042068346059,0.3953767039836641,-1.0759255561594792,0.10566,1,mu
100447,ee,0.55,synthetic,43.494770575215014,-0.008284606366740594,1.8055547503952074,0.000511,-1,e,46.98248899739223,0.4868464519255418,-1.475960553742376,0.000511,1,e
100448,ee,0.55,synthetic,41.2089141392604,0.018765768380217058,-0.08566673385328555,0.000511,-1,e,42.01807763830287,-0.30750765993326273,3.071632360714496,0.000511,1,e
100449,ee,0.55,synthetic,45.93460550113232,-0.15195244831699886,1.7430732495633139,0.000511,-1,e,43.27777833175452,-0.4226720777873146,-1.3152441737557667,0.000511,1,e
100450,ee,0.55,synthetic,46.575681348794085,0.5690268715482646,0.9122676072875441,0.000511,-1,e,46.13724286974496,0.15351884848626132,-2.024069547618564,0.000511,1,e
100451,ee,0.55,synthetic,18.023764644331216,0.9213870041825168,1.622393840217639,0.000511,-1,e,19.07562534257194,-2.1813233051519094,-0.9621993485458357,0.000511,1,e
100452,ee,0.55,synthetic,48.31788576882983,-0.8098938889424108,-1.8412337340306113,0.000511,-1,e,40.87120067442512,-0.9351517967956497,1.1855194041066848,0.000511,1,e
100453,ee,0.55,synthetic,41.44062385962689,0.5618843688949261,2.095470941379938,0.000511,-1,e,45.14267738107536,-0.2621146456427053,-0.7667685690703004,0.000511,1,e
100454,mumu,0.55,synthetic,42.53501274568959,0.11799998018993235,-2.2510241327872413,0.10566,-1,mu,48.743924433594806,-0.5245778204051581,0.7299661443839409,0.10566,1,mu
100455,mumu,0.55,synthetic,39.253793468553475,-0.936713309154175,-1.986142161966143,0.10566,-1,mu,45.58714843513667,-0.12947258474815326,1.3635966869783773,0.10566,1,mu
100456,ee,0.55,synthetic,12.721339253871657,2.501079715016304,-2.8217556944797266,0.000511,-1,e,25.731748818826773,-0.7143562067607845,0.5864568476496894,0.000511,1,e
100457,mumu,0.55,synthetic,44.71780701605107,-0.060408411690347864,-2.189291813190138,0.10566,-1,mu,44.43192755145511,0.02329756734840205,0.9505183237598722,0.10566,1,mu
100458,mumu,0.55,synthetic,25.688248395377624,2.1153765425595252,1.7160273874190952,0.10566,-1,mu,12.67176075442558,-1.0477544246946735,-0.9412769170973146,0.10566,1,mu
100459,ee,0.55,synthetic,27.41970264842218,0.9188000576492764,0.6787002344857048,0.000511,-1,e,33.36842599444812,-1.0499181100542128,-2.484730555515453,0.000511,1,e
100460,ee,0.55,synthetic,29.993146063214905,-1.1169250171957414,-1.7189661779710197,0.000511,-1,e,39.553938150266866,0.39962435417353154,1.0820381254854248,0.000511,1,e
100461,mumu,0.55,synthetic,47.851822983046745,0.14115400245299287,0.1141755217406735,0.10566,-1,mu,33.742328228852024,1.1882468116150922,-3.1249430244237173,0.10566,1,mu
100462,ee,0.55,synthetic,24.28247585010468,1.4316292562542143,-1.0804836963398465,0.000511,-1,e,20.645301365705368,-1.2941836330227268,2.261098656282222,0.000511,1,e
100463,mumu,0.55,synthetic,18.81502865681213,1.2573601071992917,0.1395820785274597,0.10566,-1,mu,12.160617157241571,-2.293934880878331,2.834896066211145,0.10566,1,mu
100464,mumu,0.55,synthetic,8.390054924850064,2.315346617550382,1.3569930572648692,0.10566,-1,mu,14.428941045077272,-1.8568082209485783,-2.0829425438431355,0.10566,1,mu
100465,mumu,0.55,synthetic,33.97689736998182,0.48389065012282667,1.3684804881383263,0.10566,-1,mu,33.941135712285714,-1.1903953630831532,-1.9288389717177743,0.10566,1,mu
100466,mumu,0.55,synthetic,43.329690957821406,0.5450403384286957,2.6030423494208335,0.10566,-1,mu,43.5356320347844,-0.08365232541153712,-0.43070504176405583,0.10566,1,mu
100467,mumu,0.55,synthetic,26.082045012938398,0.9012865730764889,3.1357969358244073,0.10566,-1,mu,24.424079511137474,-1.3490613867688506,0.0534161953646369,0.10566,1,mu
100468,ee,0.55,synthetic,36.94655689606123,-0.6313429037963152,0.8074939126597672,0.000511,-1,e,51.60634873453069,-1.0369862247703325,-2.3343342069922053,0.000511,1,e
100469,mumu,0.55,synthetic,38.044157366968186,0.7276102196872234,-2.6810331517844075,0.10566,-1,mu,35.83894129779596,-0.5576443929212236,0.7049060608331349,0.10566,1,mu
100470,ee,0.55,synthetic,46.15325795173778,-0.24413372432533353,-1.3472197971672917,0.000511,-1,e,36.57259614471588,0.5124096954833498,1.7417829754123093,0.000511,1,e
100471,ee,0.55,synthetic,34.20858627616129,0.7214709590633946,-1.4436665258003745,0.000511,-1,e,29.540305507802426,-1.0846662701260035,1.5583577202422019,0.000511,1,e
100472,mumu,0.55,synthetic,42.350099665534934,0.0312518449127652,0.1513057240233008,0.10566,-1,mu,42.83515788112108,0.6006309375531808,3.091182591362906,0.10566,1,mu
100473,mumu,0.55,synthetic,46.2734014660668,0.20703478984668258,1.6490685377706398,0.10566,-1,mu,42.6758313951175,-0.3534842913107836,-1.3052160797082881,0.10566,1,mu
100474,ee,0.55,synthetic,30.223871060350433,-1.0424628109507597,-0.8263607265607361,0.000511,-1,e,21.883556944766795,1.383799914992272,2.5299095824329227,0.000511,1,e
100475,ee,0.55,synthetic,47.04590952459279,-0.14616814068088846,-2.0457196275990768,0.000511,-1,e,42.830152863133506,0.6056178905588883,1.2918150433255466,0.000511,1,e
100476,mumu,0.55,synthetic,19.496796269626703,1.3949262290139939,0.5300677598430755,0.10566,-1,mu,11.006907866075109,-2.1183609327808,-2.4268986461179964,0.10566,1,mu
100477,ee,0.55,synthetic,44.215354376673154,0.48404819214249545,2.2718980360831598,0.000511,-1,e,44.835326303290095,-0.053851722765964005,-0.9055360108617762,0.000511,1,e
100478,ee,0.55,synthetic,28.824034842335195,-1.1513349281146645,-2.6245408416902034,0.000511,-1,e,32.68607934098192,0.6513521433725138,0.8390065999481874,0.000511,1,e
100479,ee,0.55,synthetic,44.154278390782444,-0.47170378226772364,0.16742244388667288,0.000511,-1,e,44.89822474004792,-0.5470068954188917,-2.821173494567395,0.000511,1,e
100480,mumu,0.55,synthetic,45.7136548835515,0.1441386380196642,2.1516060112769058,0.10566,-1,mu,44.89218359895805,0.368665907931584,-1.106096098837761,0.10566,1,mu
100481,ee,0.55,synthetic,45.99764708716653,0.523976623029342,2.665993028379888,0.000511,-1,e,47.74690960477154,0.5744343988053482,-0.5326961590915336,0.000511,1,e
100482,mumu,0.55,synthetic,20.689960847437398,1.3331420246920498,-2.856726515796364,0.10566,-1,mu,19.220932261696415,-1.5357775884943692,-0.26443856281689365,0.10566,1,mu
100483,ee,0.55,synthetic,38.82308801998178,0.2833292029014334,-0.11410463151320177,0.000511,-1,e,42.12752082346415,-0.6317682750408672,3.064386631615961,0.000511,1,e
100484,ee,0.55,synthetic,28.98154729446762,1.2985515915513706,-0.13193881718347247,0.000511,-1,e,24.14072487347187,-0.9216561021047662,2.582306969180996,0.000511,1,e
100485,mumu,0.55,synthetic,37.03586291111518,0.6060476541646346,-2.2039586107309788,0.10566,-1,mu,39.491049005390984,-0.6070189245391424,0.9576596614207886,0.10566,1,mu
100486,ee,0.55,synthetic,37.591735246619855,-0.8350834104194481,-1.9961757890117422,0.000511,-1,e,42.919110307210225,0.11040161815706041,1.1434748225661295,0.000511,1,e
100487,mumu,0.55,synthetic,30.976076449188362,-1.3989196405915088,0.7793051435641659,0.10566,-1,mu,23.344217167433694,0.8578203818404125,-2.6722432761724058,0.10566,1,mu
100488,mumu,0.55,synthetic,17.561861241206486,-1.3965502141455974,-1.2921340914186727,0.10566,-1,mu,23.234349657238734,1.467196318985607,1.7138818099020319,0.10566,1,mu
100489,ee,0.55,synthetic,44.65171430443819,0.7227813951747538,1.6263555632488047,0.000511,-1,e,47.315588580765834,0.2794308801119058,-1.43717900383131,0.000511,1,e
100490,mumu,0.55,synthetic,47.38564777281874,-0.13845177414411003,-2.826598928709708,0.10566,-1,mu,44.00238958093037,-0.18974487936747791,0.25937756414782037,0.10566,1,mu
100491,ee,0.55,synthetic,41.639495171502375,-0.5011154282186546,0.25426616131523977,0.000511,-1,e,40.027176162698815,0.38134524683019305,-2.8470347179140805,0.000511,1,e
100492,mumu,0.55,synthetic,6.06269915435717,2.728299397714769,1.79694227247105,0.10566,-1,mu,4.170007475087543,-3.0956989098595526,-1.2552919161562666,0.10566,1,mu
100493,ee,0.55,synthetic,13.340125909213,-2.1723030221942174,2.987460180580475,0.000511,-1,e,14.689922571099835,1.4814221079526984,-0.4210499673066897,0.000511,1,e
100494,mumu,0.55,synthetic,39.94482668161544,-0.3989795082423992,2.4853650511092424,0.10566,-1,mu,38.2237624828181,-1.3552103391863575,-0.5750023817778204,0.10566,1,mu
100495,mumu,0.55,synthetic,23.052932309486213,1.3780201873195541,-1.6606790850892479,0.10566,-1,mu,31.754381007780534,-0.8404919309312772,1.7762653367986554,0.10566,1,mu
100496,ee,0.55,synthetic,43.10631013414773,0.1260433300204651,-2.9318698151896374,0.000511,-1,e,35.070662953369244,-0.879457352968534,0.0613388209598275,0.000511,1,e
100497,mumu,0.55,synthetic,47.27143725632511,0.3312292202520862,-0.4616979011546413,0.10566,-1,mu,44.52035348424331,-0.12580006831661933,2.5435013559487,0.10566,1,mu
100498,mumu,0.55,synthetic,23.661796844479472,-1.2849688630779352,0.006779179431241111,0.10566,-1,mu,26.979863586755172,1.093631025019018,2.833707538835853,0.10566,1,mu
100499,ee,0.55,synthetic,35.57200908732246,0.3870467111393559,-1.5788055857984755,0.000511,-1,e,43.07864389686626,-0.6916313641958107,1.511500803537954,0.000511,1,e
